gfx,cu_num,M,N,K,q_dtype_w,libtype,kernelId,splitK,us,kernelName,tflops,bw,errRatio
gfx950,256,1,2048,2048,torch.float8_e4m3fn,flydsl,1058,4,5.3689,flydsl_bpreshuflle_16x64x256_F8_F8_B16_1x4x0x2_default_ks4,1.56,782.37,0.0
gfx950,256,2,2048,2048,torch.float8_e4m3fn,flydsl,1156,4,5.2174,flydsl_bpreshuflle_16x64x256_F8_F8_B16_0x0x0x1_default_ks4,3.22,806.26,0.0
gfx950,256,4,2048,2048,torch.float8_e4m3fn,flydsl,372,4,4.9853,flydsl_bpreshuflle_16x64x256_F8_F8_B16_1x1x0x2_default_ks4,6.73,846.26,0.0
gfx950,256,8,2048,2048,torch.float8_e4m3fn,flydsl,2116,4,5.0097,flydsl_bpreshuflle_16x64x256_F8_F8_B16_0x4x0x1_default_ks4,13.4,847.05,0.0
gfx950,256,16,2048,2048,torch.float8_e4m3fn,ck,10,0,5.1151,a8w8_bpreshuffle_128x16x32x512_16x16_16x16_32x4x1_32x4x1_1x16x1x8_4x4x1_1x1_intrawave_v1,26.24,839.2,0.0
gfx950,256,32,2048,2048,torch.float8_e4m3fn,flydsl,849,0,5.1687,flydsl_bpreshuflle_16x64x512_F8_F8_B16_1x3x0x2_default,51.93,849.52,0.0
gfx950,256,48,2048,2048,torch.float8_e4m3fn,flydsl,373,0,5.1021,flydsl_bpreshuflle_16x64x512_F8_F8_B16_1x1x0x2_default,78.92,879.88,0.0
gfx950,256,64,2048,2048,torch.float8_e4m3fn,ck,10,0,5.2225,a8w8_bpreshuffle_128x16x32x512_16x16_16x16_32x4x1_32x4x1_1x16x1x8_4x4x1_1x1_intrawave_v1,102.8,878.41,0.0
gfx950,256,128,2048,2048,torch.float8_e4m3fn,flydsl,905,0,5.3586,flydsl_bpreshuflle_16x64x512_F8_F8_B16_1x3x4x2_default,200.38,929.48,0.0
gfx950,256,256,2048,2048,torch.float8_e4m3fn,ck,5,0,6.3363,a8w8_bpreshuffle_256x16x64x512_16x16_16x16_32x8x1_32x8x1_1x16x1x16_4x4x1_1x1_intrawave_v1,338.92,910.18,0.0
gfx950,256,512,2048,2048,torch.float8_e4m3fn,flydsl,926,0,8.2666,flydsl_bpreshuflle_64x64x256_F8_F8_B16_1x3x4x2_default,519.56,887.91,0.0
gfx950,256,1024,2048,2048,torch.float8_e4m3fn,flydsl,210,0,10.0359,flydsl_bpreshuflle_64x128x256_F8_F8_B16_1x0x4x2_default,855.92,1044.83,0.0
gfx950,256,2048,2048,2048,torch.float8_e4m3fn,flydsl,234,0,14.4428,flydsl_bpreshuflle_128x128x256_F8_F8_B16_1x0x4x2_default,1189.51,1161.63,0.0
gfx950,256,4096,2048,2048,torch.float8_e4m3fn,flydsl,423,0,21.5879,flydsl_bpreshuflle_128x256x128_F8_F8_B16_1x1x0x2_default,1591.62,1360.03,0.0
gfx950,256,8192,2048,2048,torch.float8_e4m3fn,flydsl,1000034,0,35.5329,flydsl_bpreshuffle_8w_256x256x128_F8_F8_B16_4x4,1933.97,1534.52,0.0
gfx950,256,16384,2048,2048,torch.float8_e4m3fn,flydsl,1000034,0,68.9759,flydsl_bpreshuffle_8w_256x256x128_F8_F8_B16_4x4,1992.56,1520.21,0.0197
gfx950,256,32768,2048,2048,torch.float8_e4m3fn,flydsl,1000034,0,135.2889,flydsl_bpreshuffle_8w_256x256x128_F8_F8_B16_4x4,2031.78,1519.13,0.0
gfx950,256,1,2624,6144,torch.float8_e4m3fn,flydsl,617,6,6.8313,flydsl_bpreshuflle_16x64x512_F8_F8_B16_1x2x0x2_default_ks6,4.72,2361.67,0.0
gfx950,256,2,2624,6144,torch.float8_e4m3fn,flydsl,125,6,6.721,flydsl_bpreshuflle_16x64x512_F8_F8_B16_1x0x0x2_default_ks6,9.59,2402.12,0.0
gfx950,256,4,2624,6144,torch.float8_e4m3fn,flydsl,373,4,6.3658,flydsl_bpreshuflle_16x64x512_F8_F8_B16_1x1x0x2_default_ks4,20.26,2539.73,0.0
gfx950,256,8,2624,6144,torch.float8_e4m3fn,flydsl,125,4,6.6296,flydsl_bpreshuflle_16x64x512_F8_F8_B16_1x0x0x2_default_ks4,38.91,2445.55,0.0
gfx950,256,16,2624,6144,torch.float8_e4m3fn,flydsl,617,4,6.9215,flydsl_bpreshuflle_16x64x512_F8_F8_B16_1x2x0x2_default_ks4,74.54,2355.58,0.0
gfx950,256,32,2624,6144,torch.float8_e4m3fn,flydsl,626,4,7.5029,flydsl_bpreshuflle_32x64x512_F8_F8_B16_1x2x0x2_default_ks4,137.52,2197.34,0.0
gfx950,256,48,2624,6144,torch.float8_e4m3fn,flydsl,435,2,8.5426,flydsl_bpreshuflle_16x64x512_F8_F8_B16_1x1x4x2_default_ks2,181.17,1951.24,0.0
gfx950,256,64,2624,6144,torch.float8_e4m3fn,flydsl,196,3,8.4423,flydsl_bpreshuflle_32x64x512_F8_F8_B16_1x0x4x2_default_ks3,244.44,1996.01,0.0
gfx950,256,128,2624,6144,torch.float8_e4m3fn,flydsl,146,3,11.3155,flydsl_bpreshuflle_64x64x256_F8_F8_B16_1x0x0x2_default_ks3,364.74,1553.62,0.0
gfx950,256,256,2624,6144,torch.float8_e4m3fn,flydsl,1117,0,14.882,flydsl_bpreshuflle_32x64x512_F8_F8_B16_1x4x4x2_default,554.66,1279.28,0.0
gfx950,256,512,2624,6144,torch.float8_e4m3fn,flydsl,1734,0,20.8406,flydsl_bpreshuflle_64x64x256_F8_F8_B16_0x2x4x1_default,792.15,1053.45,0.0
gfx950,256,1024,2624,6144,torch.float8_e4m3fn,flydsl,2082,0,31.959,flydsl_bpreshuflle_64x64x256_F8_F8_B16_1x3x4x1_default,1033.12,869.47,0.0
gfx950,256,2048,2624,6144,torch.float8_e4m3fn,flydsl,1000005,0,47.1596,flydsl_bpreshuffle_8w_128x256x128_F8_F8_B16_2x8,1400.25,836.58,0.0
gfx950,256,4096,2624,6144,torch.float8_e4m3fn,flydsl,1000026,0,67.203,flydsl_bpreshuffle_8w_256x256x128_F8_F8_B16_1x8,1965.24,934.24,0.0
gfx950,256,8192,2624,6144,torch.float8_e4m3fn,flydsl,1000026,0,131.2915,flydsl_bpreshuffle_8w_256x256x128_F8_F8_B16_1x8,2011.86,833.6,0.0
gfx950,256,16384,2624,6144,torch.float8_e4m3fn,flydsl,1000034,0,213.6715,flydsl_bpreshuffle_8w_256x256x128_F8_F8_B16_4x4,2472.4,948.97,0.0
gfx950,256,32768,2624,6144,torch.float8_e4m3fn,flydsl,1000029,0,412.5825,flydsl_bpreshuffle_8w_256x256x128_F8_F8_B16_2x8,2560.85,943.85,0.0016
gfx950,256,1,2688,6144,torch.float8_e4m3fn,flydsl,961,6,6.8529,flydsl_bpreshuflle_16x64x512_F8_F8_B16_0x4x0x2_default_ks6,4.82,2411.62,0.0
gfx950,256,2,2688,6144,torch.float8_e4m3fn,flydsl,125,4,6.4069,flydsl_bpreshuflle_16x64x512_F8_F8_B16_1x0x0x2_default_ks4,10.31,2581.3,0.0
gfx950,256,4,2688,6144,torch.float8_e4m3fn,flydsl,249,6,6.6034,flydsl_bpreshuflle_16x64x512_F8_F8_B16_0x1x0x2_default_ks6,20.01,2507.97,0.0
gfx950,256,8,2688,6144,torch.float8_e4m3fn,flydsl,125,4,6.4758,flydsl_bpreshuflle_16x64x512_F8_F8_B16_1x0x0x2_default_ks4,40.8,2564.51,0.0
gfx950,256,16,2688,6144,torch.float8_e4m3fn,flydsl,849,4,6.8684,flydsl_bpreshuflle_16x64x512_F8_F8_B16_1x3x0x2_default_ks4,76.94,2431.34,0.0
gfx950,256,32,2688,6144,torch.float8_e4m3fn,flydsl,258,6,7.3943,flydsl_bpreshuflle_32x64x512_F8_F8_B16_0x1x0x2_default_ks6,142.94,2283.34,0.0
gfx950,256,48,2688,6144,torch.float8_e4m3fn,flydsl,1010,2,8.5972,flydsl_bpreshuflle_16x64x512_F8_F8_B16_0x4x4x2_default_ks2,184.41,1985.3,0.0
gfx950,256,64,2688,6144,torch.float8_e4m3fn,flydsl,686,3,9.2876,flydsl_bpreshuflle_32x64x512_F8_F8_B16_1x2x4x2_default_ks3,227.61,1857.57,0.0
gfx950,256,128,2688,6144,torch.float8_e4m3fn,flydsl,146,3,11.0921,flydsl_bpreshuflle_64x64x256_F8_F8_B16_1x0x0x2_default_ks3,381.16,1621.84,0.0
gfx950,256,256,2688,6144,torch.float8_e4m3fn,flydsl,700,3,14.6007,flydsl_bpreshuflle_64x128x256_F8_F8_B16_1x2x4x2_default_ks3,579.13,1333.1,0.0
gfx950,256,512,2688,6144,torch.float8_e4m3fn,flydsl,1129,0,20.5964,flydsl_bpreshuflle_64x64x256_F8_F8_B16_1x4x4x2_default,821.09,1088.22,0.0
gfx950,256,1024,2688,6144,torch.float8_e4m3fn,flydsl,212,0,28.9041,flydsl_bpreshuflle_64x192x256_F8_F8_B16_1x0x4x2_default,1170.18,979.5,0.0
gfx950,256,2048,2688,6144,torch.float8_e4m3fn,flydsl,421,0,43.1667,flydsl_bpreshuflle_128x192x128_F8_F8_B16_1x1x0x2_default,1567.08,929.14,0.0
gfx950,256,4096,2688,6144,torch.float8_e4m3fn,flydsl,1000034,0,68.0982,flydsl_bpreshuffle_8w_256x256x128_F8_F8_B16_4x4,1986.71,935.43,0.0
gfx950,256,8192,2688,6144,torch.float8_e4m3fn,flydsl,421,0,129.9822,flydsl_bpreshuflle_128x192x128_F8_F8_B16_1x1x0x2_default,2081.69,853.09,0.0
gfx950,256,16384,2688,6144,torch.float8_e4m3fn,flydsl,1000026,0,213.4513,flydsl_bpreshuffle_8w_256x256x128_F8_F8_B16_1x8,2535.31,961.62,0.0
gfx950,256,32768,2688,6144,torch.float8_e4m3fn,flydsl,1000034,0,406.0986,flydsl_bpreshuffle_8w_256x256x128_F8_F8_B16_4x4,2665.19,970.21,0.0006
gfx950,256,1,3072,6144,torch.float8_e4m3fn,flydsl,497,4,6.5649,flydsl_bpreshuflle_16x64x512_F8_F8_B16_0x2x0x2_default_ks4,5.75,2876.91,0.0
gfx950,256,2,3072,6144,torch.float8_e4m3fn,flydsl,1059,4,7.064,flydsl_bpreshuflle_16x64x512_F8_F8_B16_1x4x0x2_default_ks4,10.69,2675.39,0.0
gfx950,256,4,3072,6144,torch.float8_e4m3fn,flydsl,373,4,6.777,flydsl_bpreshuflle_16x64x512_F8_F8_B16_1x1x0x2_default_ks4,22.28,2792.32,0.0
gfx950,256,8,3072,6144,torch.float8_e4m3fn,flydsl,737,4,7.3336,flydsl_bpreshuflle_16x64x512_F8_F8_B16_0x3x0x2_default_ks4,41.18,2587.09,0.0
gfx950,256,16,3072,6144,torch.float8_e4m3fn,flydsl,249,4,7.0324,flydsl_bpreshuflle_16x64x512_F8_F8_B16_0x1x0x2_default_ks4,85.89,2711.87,0.0
gfx950,256,32,3072,6144,torch.float8_e4m3fn,flydsl,858,4,7.5445,flydsl_bpreshuflle_32x64x512_F8_F8_B16_1x3x0x2_default_ks4,160.11,2553.86,0.0
gfx950,256,48,3072,6144,torch.float8_e4m3fn,flydsl,633,4,9.0059,flydsl_bpreshuflle_48x64x256_F8_F8_B16_1x2x0x2_default_ks4,201.19,2161.27,0.0
gfx950,256,64,3072,6144,torch.float8_e4m3fn,flydsl,914,2,9.9103,flydsl_bpreshuflle_32x64x512_F8_F8_B16_1x3x4x2_default_ks2,243.78,1983.88,0.0
gfx950,256,128,3072,6144,torch.float8_e4m3fn,flydsl,1117,0,11.6867,flydsl_bpreshuflle_32x64x512_F8_F8_B16_1x4x4x2_default,413.45,1749.62,0.0
gfx950,256,256,3072,6144,torch.float8_e4m3fn,flydsl,698,2,16.4652,flydsl_bpreshuflle_64x64x256_F8_F8_B16_1x2x4x2_default_ks2,586.92,1337.37,0.0
gfx950,256,512,3072,6144,torch.float8_e4m3fn,flydsl,928,0,20.8788,flydsl_bpreshuflle_64x128x256_F8_F8_B16_1x3x4x2_default,925.69,1205.33,0.0
gfx950,256,1024,3072,6144,torch.float8_e4m3fn,flydsl,702,0,28.7456,flydsl_bpreshuflle_64x192x256_F8_F8_B16_1x2x4x2_default,1344.72,1094.33,0.0
gfx950,256,2048,3072,6144,torch.float8_e4m3fn,flydsl,483,0,43.6855,flydsl_bpreshuflle_128x192x128_F8_F8_B16_1x1x4x2_default,1769.68,1008.12,0.0
gfx950,256,4096,3072,6144,torch.float8_e4m3fn,flydsl,1000025,0,73.4995,flydsl_bpreshuffle_8w_256x256x128_F8_F8_B16_1x4,2103.67,941.58,0.0
gfx950,256,8192,3072,6144,torch.float8_e4m3fn,flydsl,667,0,133.3668,flydsl_bpreshuflle_128x256x128_F8_F8_B16_1x2x0x2_default,2318.7,896.31,0.0
gfx950,256,16384,3072,6144,torch.float8_e4m3fn,flydsl,1000026,0,226.5,flydsl_bpreshuffle_8w_256x256x128_F8_F8_B16_1x8,2730.58,972.19,0.0
gfx950,256,32768,3072,6144,torch.float8_e4m3fn,flydsl,1000029,0,443.7851,flydsl_bpreshuffle_8w_256x256x128_F8_F8_B16_2x8,2787.27,949.85,0.0
gfx950,256,1,3584,512,torch.float8_e4m3fn,cktile,143,0,2.7802,a8w8_bpreshuffle_cktile_0x0x8x4x1x0x0x0x0x3_16x64x256_1x4x1_16x16x128_default,1.32,662.79,0.0
gfx950,256,2,3584,512,torch.float8_e4m3fn,flydsl,1405,0,2.8655,flydsl_bpreshuflle_16x64x512_F8_F8_B16_0x1x0x1_default,2.56,645.74,0.0
gfx950,256,4,3584,512,torch.float8_e4m3fn,cktile,2,0,2.5859,a8w8_bpreshuffle_cktile_0x0x8x4x1x0x0x0x0x1_16x64x512_1x4x1_16x16x128_default,5.68,721.5,0.0
gfx950,256,8,3584,512,torch.float8_e4m3fn,cktile,137,0,2.5811,a8w8_bpreshuffle_cktile_0x0x8x4x1x0x0x0x0x3_16x64x512_1x4x1_16x16x128_default,11.38,734.74,0.0
gfx950,256,16,3584,512,torch.float8_e4m3fn,cktile,30,0,2.9441,a8w8_bpreshuffle_cktile_0x0x8x4x1x0x0x0x0x2_16x64x512_1x4x1_16x16x128_default,19.95,665.02,0.0
gfx950,256,32,3584,512,torch.float8_e4m3fn,flydsl,1059,0,2.9873,flydsl_bpreshuflle_16x64x512_F8_F8_B16_1x4x0x2_default,39.31,696.54,0.0
gfx950,256,48,3584,512,torch.float8_e4m3fn,flydsl,2215,0,3.1469,flydsl_bpreshuflle_16x64x512_F8_F8_B16_1x4x0x1_default,55.98,700.26,0.0
gfx950,256,64,3584,512,torch.float8_e4m3fn,cktile,137,0,3.1011,a8w8_bpreshuffle_cktile_0x0x8x4x1x0x0x0x0x3_16x64x512_1x4x1_16x16x128_default,75.74,750.23,0.0
gfx950,256,512,3584,512,torch.float8_e4m3fn,flydsl,1698,0,5.2396,flydsl_bpreshuflle_128x64x256_F8_F8_B16_0x2x0x1_default,358.62,1100.69,0.0
gfx950,256,2048,3584,512,torch.float8_e4m3fn,flydsl,723,0,10.4412,flydsl_bpreshuflle_128x128x128_F8_F8_B16_1x2x4x2_default,719.86,1682.15,0.0
gfx950,256,8192,3584,512,torch.float8_e4m3fn,flydsl,233,0,26.2117,flydsl_bpreshuflle_128x128x128_F8_F8_B16_1x0x4x2_default,1147.0,2470.25,0.0
gfx950,256,32768,3584,512,torch.float8_e4m3fn,flydsl,727,0,92.569,flydsl_bpreshuflle_128x256x128_F8_F8_B16_1x2x4x2_default,1299.13,2738.42,0.0
gfx950,256,1,4096,2048,torch.float8_e4m3fn,flydsl,1892,4,5.6795,flydsl_bpreshuflle_16x64x256_F8_F8_B16_0x3x0x1_default_ks4,2.95,1478.8,0.0
gfx950,256,2,4096,2048,torch.float8_e4m3fn,flydsl,1652,4,5.8332,flydsl_bpreshuflle_16x64x256_F8_F8_B16_0x2x0x1_default_ks4,5.75,1441.59,0.0
gfx950,256,4,4096,2048,torch.float8_e4m3fn,flydsl,1652,4,5.8719,flydsl_bpreshuflle_16x64x256_F8_F8_B16_0x2x0x1_default_ks4,11.43,1435.58,0.0
gfx950,256,8,4096,2048,torch.float8_e4m3fn,flydsl,1892,4,5.7515,flydsl_bpreshuflle_16x64x256_F8_F8_B16_0x3x0x1_default_ks4,23.34,1472.75,0.0
gfx950,256,16,4096,2048,torch.float8_e4m3fn,ck,10,0,5.8932,a8w8_bpreshuffle_128x16x32x512_16x16_16x16_32x4x1_32x4x1_1x16x1x8_4x4x1_1x1_intrawave_v1,45.55,1451.24,0.0
gfx950,256,32,4096,2048,torch.float8_e4m3fn,flydsl,125,0,5.4352,flydsl_bpreshuflle_16x64x512_F8_F8_B16_1x0x0x2_default,98.78,1603.67,0.0
gfx950,256,48,4096,2048,torch.float8_e4m3fn,flydsl,63,0,5.6637,flydsl_bpreshuflle_16x64x512_F8_F8_B16_0x0x4x2_default,142.19,1567.9,0.0
gfx950,256,64,4096,2048,torch.float8_e4m3fn,flydsl,677,0,5.7563,flydsl_bpreshuflle_16x64x512_F8_F8_B16_1x2x4x2_default,186.53,1571.14,0.0
gfx950,256,128,4096,2048,torch.float8_e4m3fn,flydsl,1117,0,6.1215,flydsl_bpreshuflle_32x64x512_F8_F8_B16_1x4x4x2_default,350.81,1584.47,0.0
gfx950,256,256,4096,2048,torch.float8_e4m3fn,flydsl,198,0,8.1356,flydsl_bpreshuflle_32x128x256_F8_F8_B16_1x0x4x2_default,527.92,1353.32,0.0
gfx950,256,512,4096,2048,torch.float8_e4m3fn,flydsl,700,0,10.1282,flydsl_bpreshuflle_64x128x256_F8_F8_B16_1x2x4x2_default,848.12,1345.89,0.0
gfx950,256,1024,4096,2048,torch.float8_e4m3fn,flydsl,1152,0,14.4323,flydsl_bpreshuflle_128x128x256_F8_F8_B16_1x4x4x2_default,1190.38,1307.79,0.0
gfx950,256,2048,4096,2048,torch.float8_e4m3fn,flydsl,485,0,21.3276,flydsl_bpreshuflle_128x256x128_F8_F8_B16_1x1x4x2_default,1611.05,1376.63,0.0
gfx950,256,4096,4096,2048,torch.float8_e4m3fn,flydsl,1000034,0,34.3149,flydsl_bpreshuffle_8w_256x256x128_F8_F8_B16_4x4,2002.61,1466.76,0.0
gfx950,256,8192,4096,2048,torch.float8_e4m3fn,flydsl,1000025,0,67.7847,flydsl_bpreshuffle_8w_256x256x128_F8_F8_B16_1x4,2027.58,1361.29,0.0
gfx950,256,16384,4096,2048,torch.float8_e4m3fn,flydsl,1000034,0,130.2366,flydsl_bpreshuffle_8w_256x256x128_F8_F8_B16_4x4,2110.6,1352.62,0.0
gfx950,256,32768,4096,2048,torch.float8_e4m3fn,flydsl,1000034,0,255.4519,flydsl_bpreshuffle_8w_256x256x128_F8_F8_B16_4x4,2152.09,1346.37,0.0
gfx950,256,1,6144,4096,torch.float8_e4m3fn,flydsl,677,2,7.4721,flydsl_bpreshuflle_16x64x512_F8_F8_B16_1x2x4x2_default_ks2,6.74,3370.16,0.0
gfx950,256,1,6144,12288,torch.float8_e4m3fn,flydsl,249,2,14.8282,flydsl_bpreshuflle_16x64x512_F8_F8_B16_0x1x0x2_default_ks2,10.18,5093.14,0.0
gfx950,256,2,6144,4096,torch.float8_e4m3fn,flydsl,187,2,7.5586,flydsl_bpreshuflle_16x64x512_F8_F8_B16_1x0x4x2_default_ks2,13.32,3333.76,0.0
gfx950,256,2,6144,12288,torch.float8_e4m3fn,flydsl,1,2,14.9748,flydsl_bpreshuflle_16x64x512_F8_F8_B16_0x0x0x2_default_ks2,20.17,5044.92,0.0
gfx950,256,4,6144,4096,torch.float8_e4m3fn,flydsl,1108,2,8.3009,flydsl_bpreshuflle_16x64x512_F8_F8_B16_1x4x4x2_default_ks2,24.25,3039.59,0.0
gfx950,256,4,6144,12288,torch.float8_e4m3fn,flydsl,187,2,15.4539,flydsl_bpreshuflle_16x64x512_F8_F8_B16_1x0x4x2_default_ks2,39.08,4891.7,0.0
gfx950,256,8,6144,4096,torch.float8_e4m3fn,flydsl,1059,2,7.9677,flydsl_bpreshuflle_16x64x512_F8_F8_B16_1x4x0x2_default_ks2,50.54,3174.93,0.0
gfx950,256,8,6144,12288,torch.float8_e4m3fn,flydsl,1,2,14.9399,flydsl_bpreshuflle_16x64x512_F8_F8_B16_0x0x0x2_default_ks2,80.85,5066.57,0.0
gfx950,256,16,6144,4096,torch.float8_e4m3fn,flydsl,905,2,8.2712,flydsl_bpreshuflle_16x64x512_F8_F8_B16_1x3x4x2_default_ks2,97.36,3074.28,0.0
gfx950,256,16,6144,12288,torch.float8_e4m3fn,flydsl,961,2,15.8005,flydsl_bpreshuflle_16x64x512_F8_F8_B16_0x4x0x2_default_ks2,152.9,4803.06,0.0
gfx950,256,32,6144,4096,torch.float8_e4m3fn,ck,5,0,8.5341,a8w8_bpreshuffle_256x16x64x512_16x16_16x16_32x8x1_32x8x1_1x16x1x16_4x4x1_1x1_intrawave_v1,188.73,3010.29,0.0
gfx950,256,32,6144,12288,torch.float8_e4m3fn,flydsl,382,2,16.3651,flydsl_bpreshuflle_32x64x512_F8_F8_B16_1x1x0x2_default_ks2,295.25,4661.38,0.0
gfx950,256,48,6144,12288,torch.float8_e4m3fn,flydsl,694,4,19.3091,flydsl_bpreshuflle_48x128x256_F8_F8_B16_1x2x4x2_default_ks4,375.35,3971.04,0.0
gfx950,256,64,6144,4096,torch.float8_e4m3fn,flydsl,320,0,9.5258,flydsl_bpreshuflle_32x64x512_F8_F8_B16_0x1x4x2_default,338.16,2751.94,0.0
gfx950,256,64,6144,12288,torch.float8_e4m3fn,flydsl,2179,4,21.2823,flydsl_bpreshuflle_32x192x256_F8_F8_B16_0x4x4x1_default_ks4,454.07,3621.33,0.0
gfx950,256,128,6144,4096,torch.float8_e4m3fn,flydsl,1129,0,13.0476,flydsl_bpreshuflle_64x64x256_F8_F8_B16_1x4x4x2_default,493.77,2089.5,0.0
gfx950,256,128,6144,12288,torch.float8_e4m3fn,flydsl,336,4,27.7882,flydsl_bpreshuflle_64x192x256_F8_F8_B16_0x1x4x2_default_ks4,695.52,2830.09,0.0
gfx950,256,256,6144,4096,torch.float8_e4m3fn,flydsl,210,0,15.458,flydsl_bpreshuflle_64x128x256_F8_F8_B16_1x0x4x2_default,833.54,1899.35,0.0
gfx950,256,256,6144,12288,torch.float8_e4m3fn,flydsl,582,2,36.1049,flydsl_bpreshuflle_64x192x256_F8_F8_B16_0x2x4x2_default_ks2,1070.62,2265.31,0.0
gfx950,256,512,6144,4096,torch.float8_e4m3fn,flydsl,460,0,20.2444,flydsl_bpreshuflle_64x192x256_F8_F8_B16_1x1x4x2_default,1272.93,1657.47,0.0
gfx950,256,512,6144,12288,torch.float8_e4m3fn,flydsl,460,0,55.8768,flydsl_bpreshuflle_64x192x256_F8_F8_B16_1x1x4x2_default,1383.57,1576.33,0.0
gfx950,256,1024,6144,4096,torch.float8_e4m3fn,flydsl,235,0,31.2806,flydsl_bpreshuflle_128x192x128_F8_F8_B16_1x0x4x2_default,1647.65,1340.86,0.0
gfx950,256,1024,6144,12288,torch.float8_e4m3fn,ck,149,0,81.4436,a8w8_bpreshuffle_256x128x192x256_16x16_16x16_16x16x1_16x16x1_1x32x1x8_8x8x1_2x1_intrawave_v3,1898.48,1235.99,0.0
gfx950,256,2048,6144,4096,torch.float8_e4m3fn,flydsl,1000029,0,51.6308,flydsl_bpreshuffle_8w_256x256x128_F8_F8_B16_2x8,1996.47,1137.31,0.0
gfx950,256,2048,6144,12288,torch.float8_e4m3fn,flydsl,1000026,0,128.3853,flydsl_bpreshuffle_8w_256x256x128_F8_F8_B16_1x8,2408.67,980.09,0.0
gfx950,256,4096,6144,4096,torch.float8_e4m3fn,flydsl,727,0,96.6589,flydsl_bpreshuflle_128x256x128_F8_F8_B16_1x2x4x2_default,2132.84,954.64,0.0
gfx950,256,4096,6144,12288,torch.float8_e4m3fn,ck,35,0,233.4896,a8w8_bpreshuffle_256x256x192x128_16x16_16x16_8x32x1_8x32x1_1x32x1x8_8x8x1_2x1_intrawave_v3,2648.83,754.47,0.0
gfx950,256,8192,6144,4096,torch.float8_e4m3fn,flydsl,1000035,0,162.3341,flydsl_bpreshuffle_8w_256x256x128_F8_F8_B16_4x8,2539.93,981.82,0.0
gfx950,256,8192,6144,12288,torch.float8_e4m3fn,flydsl,1000029,0,413.064,flydsl_bpreshuffle_8w_256x256x128_F8_F8_B16_2x8,2994.57,670.17,0.0
gfx950,256,16384,6144,4096,torch.float8_e4m3fn,flydsl,1000030,0,313.408,flydsl_bpreshuffle_8w_256x256x128_F8_F8_B16_3x0,2631.18,936.8,0.0
gfx950,256,16384,6144,12288,torch.float8_e4m3fn,flydsl,1000025,0,818.2999,flydsl_bpreshuffle_8w_256x256x128_F8_F8_B16_1x4,3023.22,584.32,0.0
gfx950,256,32768,6144,4096,torch.float8_e4m3fn,flydsl,1000028,0,616.5405,flydsl_bpreshuffle_8w_256x256x128_F8_F8_B16_2x4,2675.04,911.6,0.0
gfx950,256,32768,6144,12288,torch.float8_e4m3fn,flydsl,1000025,0,1619.9152,flydsl_bpreshuffle_8w_256x256x128_F8_F8_B16_1x4,3054.36,543.73,0.0
gfx950,256,1,7168,512,torch.float8_e4m3fn,flydsl,2005,0,3.991,flydsl_bpreshuflle_16x64x512_F8_F8_B16_1x3x0x1_default,1.84,923.29,0.0
gfx950,256,2,7168,512,torch.float8_e4m3fn,flydsl,2215,0,3.4649,flydsl_bpreshuflle_16x64x512_F8_F8_B16_1x4x0x1_default,4.24,1067.77,0.0
gfx950,256,4,7168,512,torch.float8_e4m3fn,cktile,2,0,3.6364,a8w8_bpreshuffle_cktile_0x0x8x4x1x0x0x0x0x1_16x64x512_1x4x1_16x16x128_default,8.07,1025.58,0.0
gfx950,256,8,7168,512,torch.float8_e4m3fn,flydsl,2005,0,3.9452,flydsl_bpreshuflle_16x64x512_F8_F8_B16_1x3x0x1_default,14.88,960.36,0.0
gfx950,256,16,7168,512,torch.float8_e4m3fn,cktile,138,0,3.8524,a8w8_bpreshuffle_cktile_0x0x8x4x1x0x0x0x0x4_16x64x512_1x4x1_16x16x128_default,30.49,1014.32,0.0
gfx950,256,32,7168,512,torch.float8_e4m3fn,flydsl,2005,0,4.0391,flydsl_bpreshuflle_16x64x512_F8_F8_B16_1x3x0x1_default,58.15,1026.26,0.0
gfx950,256,48,7168,512,torch.float8_e4m3fn,flydsl,739,0,4.0738,flydsl_bpreshuflle_16x128x512_F8_F8_B16_0x3x0x2_default,86.48,1075.83,0.0
gfx950,256,64,7168,512,torch.float8_e4m3fn,flydsl,746,0,3.8674,flydsl_bpreshuflle_32x64x512_F8_F8_B16_0x3x0x2_default,121.47,1194.68,0.0
gfx950,256,512,7168,512,torch.float8_e4m3fn,flydsl,2189,0,7.1848,flydsl_bpreshuflle_64x128x256_F8_F8_B16_0x4x4x1_default,523.06,1568.89,0.0
gfx950,256,2048,7168,512,torch.float8_e4m3fn,flydsl,1455,0,16.168,flydsl_bpreshuflle_128x256x128_F8_F8_B16_0x1x0x1_default,929.76,2107.79,0.0
gfx950,256,8192,7168,512,torch.float8_e4m3fn,flydsl,727,0,47.098,flydsl_bpreshuflle_128x256x128_F8_F8_B16_1x2x4x2_default,1276.69,2660.51,0.0
gfx950,256,32768,7168,512,torch.float8_e4m3fn,flydsl,727,0,174.8523,flydsl_bpreshuflle_128x256x128_F8_F8_B16_1x2x4x2_default,1375.55,2803.56,0.0
