cu_num,token,model_dim,inter_dim,expert,topk,act_type,dtype,q_dtype_a,q_dtype_w,q_type,use_g1u1,doweight_stage1,block_m,ksplit,us1,kernelName1,err1,us2,kernelName2,err2,us,run_1stage,tflops,bw,_tag
256,1,7168,256,257,9,ActivationType.Silu,torch.bfloat16,torch.float4_e2m1fn_x2,torch.float4_e2m1fn_x2,QuantType.per_1x32,1,0,32,0,11.3537,flydsl_moe1_afp4_wfp4_bf16_t32x32x256_w4_kw4_fp4,0.5%,7.5406,moe_ck2stages_gemm2_64x32x32x128_1x1_MulABScaleExpertWeightShuffled_v1_Nswizzle0_Quant3_MulRoutedWeight1_FP4X2_FP4X2_B16,1.5%,18.8943,0,5.24,74880.4,
256,2,7168,256,257,9,ActivationType.Silu,torch.bfloat16,torch.float4_e2m1fn_x2,torch.float4_e2m1fn_x2,QuantType.per_1x32,1,0,32,0,15.5646,flydsl_moe1_afp4_wfp4_bf16_t32x32x256_w4_bnt0_kw4,0.0%,8.7063,moe_ck2stages_gemm2_256x32x128x128_1x4_MulABScaleExpertWeightShuffled_v3_Nswizzle0_Quant3_MulRoutedWeight1_FP4X2_FP4X2_B16,1.3%,24.2709,0,8.17,58293.44,
256,4,7168,256,257,9,ActivationType.Silu,torch.bfloat16,torch.float4_e2m1fn_x2,torch.float4_e2m1fn_x2,QuantType.per_1x32,1,0,32,0,14.2393,flydsl_moe1_afp4_wfp4_bf16_t32x32x256_w4_bnt0_kw2_fp4,0.6%,9.9707,flydsl_moe2_layout_afp4_wfp4_bf16_t32x128x256_reduce_sbm32,0.0%,24.2099,0,16.38,58442.09,
256,8,7168,256,257,9,ActivationType.Silu,torch.bfloat16,torch.float4_e2m1fn_x2,torch.float4_e2m1fn_x2,QuantType.per_1x32,1,0,32,0,25.7382,flydsl_moe1_afp4_wfp4_bf16_t32x32x256_w3_xcd4_kw2_fp4,0.8%,17.1161,flydsl_moe2_layout_afp4_wfp4_bf16_t32x128x256_reduce_sbm32,0.1%,42.8542,0,18.49,33018.07,
256,16,7168,256,257,9,ActivationType.Silu,torch.bfloat16,torch.float4_e2m1fn_x2,torch.float4_e2m1fn_x2,QuantType.per_1x32,1,0,32,0,54.3974,flydsl_moe1_afp4_wfp4_bf16_t32x128x256_w3,0.0%,25.8383,flydsl_moe2_layout_afp4_wfp4_bf16_t32x128x256_reduce_sbm32,0.1%,80.2356,0,19.76,17637.25,
256,32,7168,256,257,9,ActivationType.Silu,torch.bfloat16,torch.float4_e2m1fn_x2,torch.float4_e2m1fn_x2,QuantType.per_1x32,1,0,32,0,91.2564,flydsl_moe1_afp4_wfp4_bf16_t32x32x256_w3,0.0%,70.2575,flydsl_moe2_layout_afp4_wfp4_bf16_t32x256x256_atomic_nt_sbm32,1.2%,161.5139,0,314.12,8827.73,
256,64,7168,256,257,9,ActivationType.Silu,torch.bfloat16,torch.float4_e2m1fn_x2,torch.float4_e2m1fn_x2,QuantType.per_1x32,1,0,32,0,86.9658,flydsl_moe1_afp4_wfp4_bf16_t32x32x256_w3,0.0%,50.2012,moe_ck2stages_gemm2_64x32x32x128_1x1_MulABScaleExpertWeightShuffled_v1_Nswizzle0_Quant3_MulRoutedWeight1_FP4X2_FP4X2_B16,1.2%,137.167,0,46.23,10324.4,
256,128,7168,256,257,9,ActivationType.Silu,torch.bfloat16,torch.float4_e2m1fn_x2,torch.float4_e2m1fn_x2,QuantType.per_1x32,1,0,32,0,87.5346,flydsl_moe1_afp4_wfp4_bf16_t32x32x256_w3,0.0%,54.4124,moe_ck2stages_gemm2_64x32x32x128_1x1_MulABScaleExpertWeightShuffled_v1_Nswizzle0_Quant3_MulRoutedWeight1_FP4X2_FP4X2_B16,1.2%,141.947,0,89.35,9986.43,
256,256,7168,256,257,9,ActivationType.Silu,torch.bfloat16,torch.float4_e2m1fn_x2,torch.float4_e2m1fn_x2,QuantType.per_1x32,1,0,32,0,86.021,flydsl_moe1_afp4_wfp4_bf16_t32x32x256_w3,0.0%,45.4332,flydsl_moe2_layout_afp4_wfp4_bf16_t32x256x256_atomic_nt_sbm32,1.2%,131.454,0,192.96,10804.51,
256,512,7168,256,257,9,ActivationType.Silu,torch.bfloat16,torch.float4_e2m1fn_x2,torch.float4_e2m1fn_x2,QuantType.per_1x32,1,0,32,0,91.3748,flydsl_moe1_afp4_wfp4_bf16_t32x32x256_w3,0.0%,64.4229,flydsl_moe2_layout_afp4_wfp4_bf16_t32x256x256_atomic_nt_sbm32,1.2%,155.798,0,325.62,9151.6,
256,1024,7168,256,257,9,ActivationType.Silu,torch.bfloat16,torch.float4_e2m1fn_x2,torch.float4_e2m1fn_x2,QuantType.per_1x32,1,0,64,0,97.2441,flydsl_moe1_afp4_wfp4_bf16_t64x64x256_w4,0.0%,103.6032,flydsl_moe2_layout_afp4_wfp4_bf16_t64x256x256_reduce_sbm64,0.0%,200.8473,0,505.21,7153.75,
256,2048,7168,256,257,9,ActivationType.Silu,torch.bfloat16,torch.float4_e2m1fn_x2,torch.float4_e2m1fn_x2,QuantType.per_1x32,1,0,128,0,119.335,flydsl_moe1_afp4_wfp4_bf16_t128x128x256_w4,0.0%,132.275,flydsl_moe2_layout_afp4_wfp4_bf16_t128x256x256_reduce_sbm128,0.0%,251.61,0,679.83,4887.04,
256,4096,7168,256,257,9,ActivationType.Silu,torch.bfloat16,torch.float4_e2m1fn_x2,torch.float4_e2m1fn_x2,QuantType.per_1x32,1,0,128,0,181.93,flydsl_mxmoe_g1_a4w4_128x256x256_xcd5,0.011797,329.88,flydsl_moe2_layout_afp4_wfp4_bf16_t128x256x128_reduce_sbm128_sp801,0.011797,511.81,0,793.02,1525.56,
256,8192,7168,256,257,9,ActivationType.Silu,torch.bfloat16,torch.float4_e2m1fn_x2,torch.float4_e2m1fn_x2,QuantType.per_1x32,1,0,128,0,280.95,flydsl_mxmoe_g1_a4w4_128x256x256_xcd2,0.011812,580.3,flydsl_moe2_layout_afp4_wfp4_bf16_t128x256x128_reduce_sbm128_sp6404,0.011812,861.25,0,942.52,991.81,
256,16384,7168,256,257,9,ActivationType.Silu,torch.bfloat16,torch.float4_e2m1fn_x2,torch.float4_e2m1fn_x2,QuantType.per_1x32,1,0,128,0,493.97,flydsl_mxmoe_g1_a4w4_128x256x256,0.0%,987.309,flydsl_mxmoe_g2_a4w4_128x256x256,0.0%,1481.28,0,1006.43,1095.47,
256,32768,7168,256,257,9,ActivationType.Silu,torch.bfloat16,torch.float4_e2m1fn_x2,torch.float4_e2m1fn_x2,QuantType.per_1x32,1,0,128,0,791.245,flydsl_mxmoe_g1_a4w4_128x256x256,0.0%,1740.01,flydsl_mxmoe_g2_a4w4_128x256x256,0.0%,2531.26,0,1043.03,680.83,
256,1,7168,512,257,9,ActivationType.Silu,torch.bfloat16,torch.float4_e2m1fn_x2,torch.float4_e2m1fn_x2,QuantType.per_1x32,1,0,32,0,12.1428,flydsl_moe1_afp4_wfp4_bf16_t32x32x256_w2_kw4_fp4,0.7%,8.0303,moe_ck2stages_gemm2_256x32x128x128_1x4_MulABScaleExpertWeightShuffled_v3_Nswizzle0_Quant3_MulRoutedWeight1_FP4X2_FP4X2_B16,3.2%,20.1731,0,9.82,140266.19,
256,2,7168,512,257,9,ActivationType.Silu,torch.bfloat16,torch.float4_e2m1fn_x2,torch.float4_e2m1fn_x2,QuantType.per_1x32,1,0,32,0,14.2372,flydsl_moe1_afp4_wfp4_bf16_t32x64x256_w3_bnt0_kw2_fp4,0.6%,9.3686,flydsl_moe2_layout_afp4_wfp4_bf16_t32x256x256_reduce_sbm32,0.2%,23.6058,0,16.79,119869.92,
256,4,7168,512,257,9,ActivationType.Silu,torch.bfloat16,torch.float4_e2m1fn_x2,torch.float4_e2m1fn_x2,QuantType.per_1x32,1,0,32,0,23.2603,flydsl_moe1_afp4_wfp4_bf16_t32x64x256_w2_bnt0_fp4,0.5%,17.5013,flydsl_moe2_layout_afp4_wfp4_bf16_t32x256x256_reduce_sbm32,0.3%,40.7616,0,19.44,69419.95,
256,8,7168,512,257,9,ActivationType.Silu,torch.bfloat16,torch.float4_e2m1fn_x2,torch.float4_e2m1fn_x2,QuantType.per_1x32,1,0,32,0,47.0522,flydsl_moe1_afp4_wfp4_bf16_t32x64x256_w3,0.0%,27.1193,flydsl_moe2_layout_afp4_wfp4_bf16_t32x256x256_atomic_persist_nt_sbm32,2.8%,74.1715,0,21.37,38151.5,
256,16,7168,512,257,9,ActivationType.Silu,torch.bfloat16,torch.float4_e2m1fn_x2,torch.float4_e2m1fn_x2,QuantType.per_1x32,1,0,32,0,94.6547,flydsl_moe1_afp4_wfp4_bf16_t32x64x256_w3,0.0%,50.5174,flydsl_moe2_layout_afp4_wfp4_bf16_t32x256x256_atomic_persist_nt_sbm32,2.8%,145.172,0,21.84,19493.61,
256,32,7168,512,257,9,ActivationType.Silu,torch.bfloat16,torch.float4_e2m1fn_x2,torch.float4_e2m1fn_x2,QuantType.per_1x32,1,0,32,0,154.453,flydsl_moe1_afp4_wfp4_bf16_t32x64x256_w3,0.0%,82.7642,flydsl_moe2_layout_afp4_wfp4_bf16_t32x256x256_atomic_persist_nt_sbm32,2.8%,237.217,0,26.73,11931.14,
256,64,7168,512,257,9,ActivationType.Silu,torch.bfloat16,torch.float4_e2m1fn_x2,torch.float4_e2m1fn_x2,QuantType.per_1x32,1,0,32,0,155.613,flydsl_moe1_afp4_wfp4_bf16_t32x64x256_w3,0.0%,84.0294,flydsl_moe2_layout_afp4_wfp4_bf16_t32x256x256_atomic_persist_nt_sbm32,2.8%,239.643,0,52.92,11813.23,
256,128,7168,512,257,9,ActivationType.Silu,torch.bfloat16,torch.float4_e2m1fn_x2,torch.float4_e2m1fn_x2,QuantType.per_1x32,1,0,32,0,152.2635,flydsl_moe1_afp4_wfp4_bf16_t32x64x256_w3,0.0%,79.7471,flydsl_moe2_layout_afp4_wfp4_bf16_t32x256x256_atomic_nt_sbm32,2.8%,232.0106,0,109.33,12207.78,
256,256,7168,512,257,9,ActivationType.Silu,torch.bfloat16,torch.float4_e2m1fn_x2,torch.float4_e2m1fn_x2,QuantType.per_1x32,1,0,32,0,159.0573,flydsl_moe1_afp4_wfp4_bf16_t32x64x256_w3,0.0%,89.9409,flydsl_moe2_layout_afp4_wfp4_bf16_t32x256x256_atomic_persist_nt_sbm32,2.9%,248.9982,0,203.76,11385.97,
256,512,7168,512,257,9,ActivationType.Silu,torch.bfloat16,torch.float4_e2m1fn_x2,torch.float4_e2m1fn_x2,QuantType.per_1x32,1,0,32,0,162.2784,flydsl_moe1_afp4_wfp4_bf16_t32x64x256_w3,0.0%,91.4124,flydsl_moe2_layout_afp4_wfp4_bf16_t32x256x256_atomic_nt_sbm32,2.9%,253.6908,0,399.97,11197.07,
256,1024,7168,512,257,9,ActivationType.Silu,torch.bfloat16,torch.float4_e2m1fn_x2,torch.float4_e2m1fn_x2,QuantType.per_1x32,1,0,64,0,170.786,flydsl_moe1_afp4_wfp4_bf16_t64x128x256_w4,0.0%,135.645,flydsl_moe2_layout_afp4_wfp4_bf16_t64x256x256_atomic_persist_nt_sbm64,2.8%,306.431,0,638.44,8971.2,
256,2048,7168,512,257,9,ActivationType.Silu,torch.bfloat16,torch.float4_e2m1fn_x2,torch.float4_e2m1fn_x2,QuantType.per_1x32,1,0,128,0,235.187,flydsl_mxmoe_g1_a4w4_128x256x256,0.0%,220.924,flydsl_mxmoe_g2_a4w4_128x256x256,0.2%,456.111,0,876.57,6206.22,
256,4096,7168,512,257,9,ActivationType.Silu,torch.bfloat16,torch.float4_e2m1fn_x2,torch.float4_e2m1fn_x2,QuantType.per_1x32,1,0,64,0,326.177,flydsl_moe1_afp4_wfp4_bf16_t64x64x256_w4_bnt0,0.0%,403.838,flydsl_moe2_layout_afp4_wfp4_bf16_t64x128x256_reduce_persist_sbm64,0.3%,730.015,0,1145.15,4115.99,
256,8192,7168,512,257,9,ActivationType.Silu,torch.bfloat16,torch.float4_e2m1fn_x2,torch.float4_e2m1fn_x2,QuantType.per_1x32,1,0,128,0,468.631,flydsl_mxmoe_g1_a4w4_128x256x256,0.0%,631.941,flydsl_mxmoe_g2_a4w4_128x256x256,0.2%,1100.57,0,1387.26,2568.37,
256,16384,7168,512,257,9,ActivationType.Silu,torch.bfloat16,torch.float4_e2m1fn_x2,torch.float4_e2m1fn_x2,QuantType.per_1x32,1,0,128,0,732.718,flydsl_mxmoe_g1_a4w4_128x256x256,0.0%,1092.02,flydsl_mxmoe_g2_a4w4_128x256x256,0.2%,1824.74,0,1587.28,1555.45,
256,32768,7168,512,257,9,ActivationType.Silu,torch.bfloat16,torch.float4_e2m1fn_x2,torch.float4_e2m1fn_x2,QuantType.per_1x32,1,0,128,0,1288.16,flydsl_mxmoe_g1_a4w4_128x256x256,0.0%,1930.5,flydsl_mxmoe_g2_a4w4_128x256x256,0.2%,3218.65,0,1726.33,939.51,
256,32768,7168,2048,64,8,ActivationType.Silu,torch.bfloat16,torch.float4_e2m1fn_x2,torch.float4_e2m1fn_x2,QuantType.per_1x32,1,0,128,0,3976.47,flydsl_mxmoe_g1_a4w4_128x256x256,0.011834,3127.06,flydsl_moe2_layout_afp4_wfp4_bf16_t128x128x128_atomic_sbm128_sp102,0.011834,7103.53,0,3250.46,281.06,
256,1,7168,2048,32,8,ActivationType.Silu,torch.bfloat16,torch.float4_e2m1fn_x2,torch.float4_e2m1fn_x2,QuantType.per_1x32,1,0,32,0,26.8074,flydsl_moe1_afp4_wfp4_bf16_t32x64x256_fp4,0.7%,17.7858,moe_ck2stages_gemm2_256x32x128x128_1x4_MulABScaleExpertWeightShuffled_v3_Nswizzle0_Quant3_MulRoutedWeight1_FP4X2_FP4X2_B16,6.9%,44.5932,0,15.8,31603.64,
256,2,7168,2048,32,8,ActivationType.Silu,torch.bfloat16,torch.float4_e2m1fn_x2,torch.float4_e2m1fn_x2,QuantType.per_1x32,1,0,32,0,37.5951,flydsl_moe1_afp4_wfp4_bf16_t32x128x256_w4_fp4,0.9%,24.8594,flydsl_moe2_layout_afp4_wfp4_bf16_t32x128x256_reduce_sbm32,2.4%,62.4545,0,22.56,22565.69,
256,4,7168,2048,32,8,ActivationType.Silu,torch.bfloat16,torch.float4_e2m1fn_x2,torch.float4_e2m1fn_x2,QuantType.per_1x32,1,0,32,0,85.9156,flydsl_moe1_afp4_wfp4_bf16_t32x64x256_w3,0.0%,42.6594,flydsl_moe2_layout_afp4_wfp4_bf16_t32x128x256_reduce_sbm32,1.9%,128.575,0,21.92,10961.48,
256,8,7168,2048,32,8,ActivationType.Silu,torch.bfloat16,torch.float4_e2m1fn_x2,torch.float4_e2m1fn_x2,QuantType.per_1x32,1,0,32,0,77.846,flydsl_moe1_afp4_wfp4_bf16_t32x128x256_w4,0.0%,42.8699,flydsl_moe2_layout_afp4_wfp4_bf16_t32x128x256_reduce_sbm32,2.0%,120.7159,0,46.69,11675.83,
256,16,7168,2048,32,8,ActivationType.Silu,torch.bfloat16,torch.float4_e2m1fn_x2,torch.float4_e2m1fn_x2,QuantType.per_1x32,1,0,32,0,75.6881,flydsl_moe1_afp4_wfp4_bf16_t32x128x256_w2_fp4,0.8%,43.0153,flydsl_moe2_layout_afp4_wfp4_bf16_t32x128x256_reduce_sbm32,2.1%,118.7033,0,94.98,11875.24,
256,32,7168,2048,32,8,ActivationType.Silu,torch.bfloat16,torch.float4_e2m1fn_x2,torch.float4_e2m1fn_x2,QuantType.per_1x32,1,0,32,0,77.1028,flydsl_moe1_afp4_wfp4_bf16_t32x128x256_w4,0.0%,43.6889,flydsl_moe2_layout_afp4_wfp4_bf16_t32x128x256_reduce_sbm32,2.1%,120.7917,0,186.67,11672.78,
256,64,7168,2048,32,8,ActivationType.Silu,torch.bfloat16,torch.float4_e2m1fn_x2,torch.float4_e2m1fn_x2,QuantType.per_1x32,1,0,32,0,79.2776,flydsl_moe1_afp4_wfp4_bf16_t32x128x256_w4_fp4,0.8%,45.0342,flydsl_moe2_layout_afp4_wfp4_bf16_t32x128x256_reduce_sbm32,2.1%,124.3118,0,362.78,11347.77,
256,128,7168,2048,32,8,ActivationType.Silu,torch.bfloat16,torch.float4_e2m1fn_x2,torch.float4_e2m1fn_x2,QuantType.per_1x32,1,0,64,0,78.046,flydsl_moe1_afp4_wfp4_bf16_t64x128x256_w4,0.0%,45.5079,flydsl_moe2_layout_afp4_wfp4_bf16_t64x128x256_reduce_sbm64,2.1%,123.5539,0,730.0,11428.52,
256,256,7168,2048,32,8,ActivationType.Silu,torch.bfloat16,torch.float4_e2m1fn_x2,torch.float4_e2m1fn_x2,QuantType.per_1x32,1,0,128,0,85.9239,flydsl_moe1_afp4_wfp4_bf16_t128x128x256_w3,0.0%,64.9734,flydsl_moe2_layout_afp4_wfp4_bf16_t128x128x256_reduce_sbm128,2.1%,150.8973,0,1195.44,9375.86,
256,512,7168,2048,32,8,ActivationType.Silu,torch.bfloat16,torch.float4_e2m1fn_x2,torch.float4_e2m1fn_x2,QuantType.per_1x32,1,0,64,0,106.21,flydsl_moe1_afp4_wfp4_bf16_t64x128x256_w2_bnt0_fp4,0.8%,68.93,flydsl_moe2_layout_afp4_wfp4_bf16_t64x128x128_atomic_persist_sbm64,2.1%,175.14,0,2059.9,8110.03,
256,1024,7168,2048,32,8,ActivationType.Silu,torch.bfloat16,torch.float4_e2m1fn_x2,torch.float4_e2m1fn_x2,QuantType.per_1x32,1,0,128,0,157.96,flydsl_moe1_afp4_wfp4_bf16_t128x128x256_w4,0.0%,117.91,flydsl_moe2_layout_afp4_wfp4_bf16_t128x256x128_reduce_sbm128,2.1%,275.87,0,2615.71,5188.94,
256,2048,7168,2048,32,8,ActivationType.Silu,torch.bfloat16,torch.float4_e2m1fn_x2,torch.float4_e2m1fn_x2,QuantType.per_1x32,1,0,128,0,329.561,flydsl_moe1_afp4_wfp4_bf16_t128x128x256_w3_fp4,0.8%,289.933,flydsl_moe2_layout_afp4_wfp4_bf16_t128x256x128_atomic_sbm128,6.7%,619.494,0,2724.16,2743.31,
256,16384,7168,2048,32,8,ActivationType.Silu,torch.bfloat16,torch.float4_e2m1fn_x2,torch.float4_e2m1fn_x2,QuantType.per_1x32,1,0,128,0,1976.68,flydsl_mxmoe_g1_a4w4_128x256x256,0.011838,1607.18,flydsl_moe2_layout_afp4_wfp4_bf16_t128x128x128_atomic_sbm128_sp102,0.011838,3583.86,0,3221.35,278.54,
256,32768,7168,2048,32,8,ActivationType.Silu,torch.bfloat16,torch.float4_e2m1fn_x2,torch.float4_e2m1fn_x2,QuantType.per_1x32,1,0,128,0,3968.72,flydsl_mxmoe_g1_a4w4_128x256x256,0.011837,3174.2,flydsl_moe2_layout_afp4_wfp4_bf16_t128x128x128_atomic_sbm128_sp102,0.011837,7142.92,0,3232.54,180.86,
256,1,7168,256,256,8,ActivationType.Silu,torch.bfloat16,torch.float4_e2m1fn_x2,torch.float4_e2m1fn_x2,QuantType.per_1x32,1,0,32,0,11.3537,flydsl_moe1_afp4_wfp4_bf16_t32x32x256_w4_kw4_fp4,0.5%,7.5406,moe_ck2stages_gemm2_64x32x32x128_1x1_MulABScaleExpertWeightShuffled_v1_Nswizzle0_Quant3_MulRoutedWeight1_FP4X2_FP4X2_B16,1.5%,18.8943,0,5.24,74880.4,
256,2,7168,256,256,8,ActivationType.Silu,torch.bfloat16,torch.float4_e2m1fn_x2,torch.float4_e2m1fn_x2,QuantType.per_1x32,1,0,32,0,15.5646,flydsl_moe1_afp4_wfp4_bf16_t32x32x256_w4_bnt0_kw4,0.0%,8.7063,moe_ck2stages_gemm2_256x32x128x128_1x4_MulABScaleExpertWeightShuffled_v3_Nswizzle0_Quant3_MulRoutedWeight1_FP4X2_FP4X2_B16,1.3%,24.2709,0,8.17,58293.44,
256,4,7168,256,256,8,ActivationType.Silu,torch.bfloat16,torch.float4_e2m1fn_x2,torch.float4_e2m1fn_x2,QuantType.per_1x32,1,0,32,0,12.9948,flydsl_moe1_afp4_wfp4_bf16_t32x32x256_w4_bnt0_kw2_fp4,0.6%,9.0675,flydsl_moe2_layout_afp4_wfp4_bf16_t32x128x256_reduce_sbm32,0.0%,22.0624,0,17.97,64130.7,
256,8,7168,256,256,8,ActivationType.Silu,torch.bfloat16,torch.float4_e2m1fn_x2,torch.float4_e2m1fn_x2,QuantType.per_1x32,1,0,32,0,20.7171,flydsl_moe1_afp4_wfp4_bf16_t32x32x256_w3_xcd4_kw2_fp4,0.8%,17.0467,flydsl_moe2_layout_afp4_wfp4_bf16_t32x128x256_reduce_sbm32,0.1%,37.7638,0,20.99,37468.77,
256,16,7168,256,256,8,ActivationType.Silu,torch.bfloat16,torch.float4_e2m1fn_x2,torch.float4_e2m1fn_x2,QuantType.per_1x32,1,0,32,0,37.3888,flydsl_moe1_afp4_wfp4_bf16_t32x128x256_w3,0.0%,23.9266,flydsl_moe2_layout_afp4_wfp4_bf16_t32x128x256_reduce_sbm32,0.1%,61.3154,0,25.85,23079.62,
256,32,7168,256,256,8,ActivationType.Silu,torch.bfloat16,torch.float4_e2m1fn_x2,torch.float4_e2m1fn_x2,QuantType.per_1x32,1,0,16,0,85.7168,flydsl_mxmoe_g1_a4w4_16x256x256_f16in_nt,1.2%,0,flydsl_mxmoe_g2_a4w4_16x256x256_atomic,1.2%,85.7168,0,26.52,0,0
256,64,7168,256,256,8,ActivationType.Silu,torch.bfloat16,torch.float4_e2m1fn_x2,torch.float4_e2m1fn_x2,QuantType.per_1x32,1,0,32,0,86.9658,flydsl_moe1_afp4_wfp4_bf16_t32x32x256_w3,0.0%,50.2012,moe_ck2stages_gemm2_64x32x32x128_1x1_MulABScaleExpertWeightShuffled_v1_Nswizzle0_Quant3_MulRoutedWeight1_FP4X2_FP4X2_B16,1.2%,137.167,0,46.23,10324.4,
256,128,7168,256,256,8,ActivationType.Silu,torch.bfloat16,torch.float4_e2m1fn_x2,torch.float4_e2m1fn_x2,QuantType.per_1x32,1,0,32,0,87.5346,flydsl_moe1_afp4_wfp4_bf16_t32x32x256_w3,0.0%,54.4124,moe_ck2stages_gemm2_64x32x32x128_1x1_MulABScaleExpertWeightShuffled_v1_Nswizzle0_Quant3_MulRoutedWeight1_FP4X2_FP4X2_B16,1.2%,141.947,0,89.35,9986.43,
256,256,7168,256,256,8,ActivationType.Silu,torch.bfloat16,torch.float4_e2m1fn_x2,torch.float4_e2m1fn_x2,QuantType.per_1x32,1,0,32,0,40.5338,flydsl_moe1_afp4_wfp4_bf16_t32x128x256_w3,0.0%,24.9519,flydsl_moe2_layout_afp4_wfp4_bf16_t32x128x256_reduce_sbm32,0.1%,65.4857,0,24.21,21609.84,
256,512,7168,256,256,8,ActivationType.Silu,torch.bfloat16,torch.float4_e2m1fn_x2,torch.float4_e2m1fn_x2,QuantType.per_1x32,1,0,32,0,87.0187,flydsl_moe1_afp4_wfp4_bf16_t32x32x256_w3,0.0%,55.2964,flydsl_moe2_layout_afp4_wfp4_bf16_t32x256x256_atomic_nt_sbm32,1.2%,142.3151,0,356.5,10018.62,
256,1024,7168,256,256,8,ActivationType.Silu,torch.bfloat16,torch.float4_e2m1fn_x2,torch.float4_e2m1fn_x2,QuantType.per_1x32,1,0,32,0,89.91,flydsl_mxmoe_g1_a4w4_32x256x256_nt_xcd2,0.011831,78.5,flydsl_moe2_layout_afp4_wfp4_bf16_t32x256x256_reduce_nt_sbm32,0.011831,168.41,0,535.56,4293.05,
256,2048,7168,256,256,8,ActivationType.Silu,torch.bfloat16,torch.float4_e2m1fn_x2,torch.float4_e2m1fn_x2,QuantType.per_1x32,1,0,64,0,84.8851,flydsl_moe1_afp4_wfp4_bf16_t64x128x256_w4,0.0%,116.775,flydsl_moe2_layout_afp4_wfp4_bf16_t64x256x128_reduce_sbm64,0.0%,201.66,0,659.77,4743.09,
256,4096,7168,256,256,8,ActivationType.Silu,torch.bfloat16,torch.float4_e2m1fn_x2,torch.float4_e2m1fn_x2,QuantType.per_1x32,1,0,128,0,144.51,flydsl_mxmoe_g1_a4w4_128x256x256,0.0%,220.638,flydsl_mxmoe_g2_a4w4_128x256x256,0.0%,365.148,0,1016.57,3764.8,
256,8192,7168,256,256,8,ActivationType.Silu,torch.bfloat16,torch.float4_e2m1fn_x2,torch.float4_e2m1fn_x2,QuantType.per_1x32,1,0,128,0,232.997,flydsl_mxmoe_g1_a4w4_128x256x256,0.0%,435.846,flydsl_mxmoe_g2_a4w4_128x256x256,0.0%,668.844,0,1038.48,2036.08,
256,16384,7168,256,256,8,ActivationType.Silu,torch.bfloat16,torch.float4_e2m1fn_x2,torch.float4_e2m1fn_x2,QuantType.per_1x32,1,0,128,0,428.21,flydsl_mxmoe_g1_a4w4_128x256x256,0.0%,836.404,flydsl_mxmoe_g2_a4w4_128x256x256,0.0%,1264.61,0,1118.71,1218.54,
256,32768,7168,256,256,8,ActivationType.Silu,torch.bfloat16,torch.float4_e2m1fn_x2,torch.float4_e2m1fn_x2,QuantType.per_1x32,1,0,128,0,724.015,flydsl_mxmoe_g1_a4w4_128x256x256,0.0%,1562.48,flydsl_mxmoe_g2_a4w4_128x256x256,0.0%,2286.5,0,1160.39,758.37,
256,1,7168,512,256,8,ActivationType.Silu,torch.bfloat16,torch.float4_e2m1fn_x2,torch.float4_e2m1fn_x2,QuantType.per_1x32,1,0,32,0,12.1428,flydsl_moe1_afp4_wfp4_bf16_t32x32x256_w2_kw4_fp4,0.7%,8.0303,moe_ck2stages_gemm2_256x32x128x128_1x4_MulABScaleExpertWeightShuffled_v3_Nswizzle0_Quant3_MulRoutedWeight1_FP4X2_FP4X2_B16,3.2%,20.1731,0,9.82,140266.19,
256,2,7168,512,256,8,ActivationType.Silu,torch.bfloat16,torch.float4_e2m1fn_x2,torch.float4_e2m1fn_x2,QuantType.per_1x32,1,0,32,0,13.1611,flydsl_moe1_afp4_wfp4_bf16_t32x64x256_w3_bnt0_kw2_fp4,0.6%,8.4676,flydsl_moe2_layout_afp4_wfp4_bf16_t32x256x256_reduce_sbm32,0.2%,21.6287,0,18.32,130827.35,
256,4,7168,512,256,8,ActivationType.Silu,torch.bfloat16,torch.float4_e2m1fn_x2,torch.float4_e2m1fn_x2,QuantType.per_1x32,1,0,32,0,20.7087,flydsl_moe1_afp4_wfp4_bf16_t32x64x256_w2_bnt0_fp4,0.5%,15.1667,flydsl_moe2_layout_afp4_wfp4_bf16_t32x256x256_reduce_sbm32,0.3%,35.8754,0,22.09,78874.9,
256,8,7168,512,256,8,ActivationType.Silu,torch.bfloat16,torch.float4_e2m1fn_x2,torch.float4_e2m1fn_x2,QuantType.per_1x32,1,0,32,0,39.3111,flydsl_moe1_afp4_wfp4_bf16_t32x64x256_w2_bnt0_fp4,0.5%,24.0467,flydsl_moe2_layout_afp4_wfp4_bf16_t32x256x256_reduce_sbm32,0.3%,63.3577,0,25.02,44663.16,
256,16,7168,512,256,8,ActivationType.Silu,torch.bfloat16,torch.float4_e2m1fn_x2,torch.float4_e2m1fn_x2,QuantType.per_1x32,1,0,16,0,99.6069,flydsl_mxmoe_g1_a4w4_16x256x256_f16in_nt,1.2%,0,flydsl_moe2_layout_afp4_wfp4_bf16_t16x128x256_atomic_sbm16,1.2%,99.6069,0,24.2,0,0
256,32,7168,512,256,8,ActivationType.Silu,torch.bfloat16,torch.float4_e2m1fn_x2,torch.float4_e2m1fn_x2,QuantType.per_1x32,1,0,16,0,148.5123,flydsl_mxmoe_g1_a4w4_16x256x256_f16in_nt,1.2%,0,flydsl_moe2_layout_afp4_wfp4_bf16_t16x128x128_atomic_nt_sbm16,1.2%,148.5123,0,27.1,0,0
256,64,7168,512,256,8,ActivationType.Silu,torch.bfloat16,torch.float4_e2m1fn_x2,torch.float4_e2m1fn_x2,QuantType.per_1x32,1,0,32,0,154.167,flydsl_moe1_afp4_wfp4_bf16_t32x64x256_w3,0.0%,83.8946,flydsl_moe2_layout_afp4_wfp4_bf16_t32x256x256_atomic_persist_nt_sbm32,2.8%,238.062,0,53.28,11891.71,
256,128,7168,512,256,8,ActivationType.Silu,torch.bfloat16,torch.float4_e2m1fn_x2,torch.float4_e2m1fn_x2,QuantType.per_1x32,1,0,32,0,153.3856,flydsl_moe1_afp4_wfp4_bf16_t32x64x256_w3,0.0%,78.0018,flydsl_moe2_layout_afp4_wfp4_bf16_t32x256x256_atomic_nt_sbm32,2.8%,231.3875,0,109.63,12240.65,
256,256,7168,512,256,8,ActivationType.Silu,torch.bfloat16,torch.float4_e2m1fn_x2,torch.float4_e2m1fn_x2,QuantType.per_1x32,1,0,32,0,158.8909,flydsl_moe1_afp4_wfp4_bf16_t32x64x256_w3,0.0%,88.364,flydsl_moe2_layout_afp4_wfp4_bf16_t32x256x256_atomic_persist_nt_sbm32,2.9%,247.2549,0,205.19,11466.25,
256,512,7168,512,256,8,ActivationType.Silu,torch.bfloat16,torch.float4_e2m1fn_x2,torch.float4_e2m1fn_x2,QuantType.per_1x32,1,0,32,0,161.5773,flydsl_moe1_afp4_wfp4_bf16_t32x64x256_w3,0.0%,86.204,flydsl_moe2_layout_afp4_wfp4_bf16_t32x256x256_atomic_nt_sbm32,2.9%,247.7813,0,409.51,11464.11,
256,1024,7168,512,256,8,ActivationType.Silu,torch.bfloat16,torch.float4_e2m1fn_x2,torch.float4_e2m1fn_x2,QuantType.per_1x32,1,0,64,0,165.879,flydsl_moe1_afp4_wfp4_bf16_t64x64x256_w3,0.0%,123.819,flydsl_moe2_layout_afp4_wfp4_bf16_t64x256x256_atomic_persist_nt_sbm64,2.8%,289.698,0,700.51,9843.51,
256,2048,7168,512,256,8,ActivationType.Silu,torch.bfloat16,torch.float4_e2m1fn_x2,torch.float4_e2m1fn_x2,QuantType.per_1x32,1,0,64,0,174.472,flydsl_moe1_afp4_wfp4_bf16_t64x64x256_w3,0.0%,195.315,flydsl_moe2_layout_afp4_wfp4_bf16_t64x256x256_atomic_persist_nt_sbm64,2.8%,369.787,0,1104.06,7817.2,
256,4096,7168,512,256,8,ActivationType.Silu,torch.bfloat16,torch.float4_e2m1fn_x2,torch.float4_e2m1fn_x2,QuantType.per_1x32,1,0,128,0,230.675,flydsl_mxmoe_g1_a4w4_128x256x256,0.0%,264.558,flydsl_mxmoe_g2_a4w4_128x256x256,0.3%,495.233,0,1145.15,4115.99,
256,8192,7168,512,256,8,ActivationType.Silu,torch.bfloat16,torch.float4_e2m1fn_x2,torch.float4_e2m1fn_x2,QuantType.per_1x32,1,0,128,0,396.049,flydsl_mxmoe_g1_a4w4_128x256x256,0.0%,497.224,flydsl_mxmoe_g2_a4w4_128x256x256,0.2%,893.273,0,1387.26,2568.37,
256,16384,7168,512,256,8,ActivationType.Silu,torch.bfloat16,torch.float4_e2m1fn_x2,torch.float4_e2m1fn_x2,QuantType.per_1x32,1,0,128,0,638.243,flydsl_mxmoe_g1_a4w4_128x256x256,0.0%,912.44,flydsl_mxmoe_g2_a4w4_128x256x256,0.2%,1550.68,0,1724.93,1690.69,
256,32768,7168,512,256,8,ActivationType.Silu,torch.bfloat16,torch.float4_e2m1fn_x2,torch.float4_e2m1fn_x2,QuantType.per_1x32,1,0,128,0,1195.49,flydsl_mxmoe_g1_a4w4_128x256x256,0.0%,1709.31,flydsl_mxmoe_g2_a4w4_128x256x256,0.2%,2904.8,0,1892.08,1030.29,
256,1,7168,2048,33,8,ActivationType.Silu,torch.bfloat16,torch.float4_e2m1fn_x2,torch.float4_e2m1fn_x2,QuantType.per_1x32,1,0,64,0,29.1669,flydsl_moe1_afp4_wfp4_bf16_t64x128x256_w4_fp4,0.6%,20.06,moe_ck2stages_gemm2_256x64x128x128_1x4_MulABScaleExpertWeightShuffled_v3_Nswizzle0_Quant3_MulRoutedWeight1_FP4X2_FP4X2_B16,3.7%,49.2269,0,16.1,29523.45,
256,2,7168,2048,33,8,ActivationType.Silu,torch.bfloat16,torch.float4_e2m1fn_x2,torch.float4_e2m1fn_x2,QuantType.per_1x32,1,0,32,0,38.3867,flydsl_moe1_afp4_wfp4_bf16_t32x128x256_w4,0.0%,23.6288,flydsl_moe2_layout_afp4_wfp4_bf16_t32x128x256_atomic_nt_sbm32,5.3%,62.0155,0,25.57,23435.58,
256,4,7168,2048,33,8,ActivationType.Silu,torch.bfloat16,torch.float4_e2m1fn_x2,torch.float4_e2m1fn_x2,QuantType.per_1x32,1,0,16,0,89.5395,flydsl_mxmoe_g1_a4w4_16x256x256_f16in_nt,1.2%,0,flydsl_moe2_layout_afp4_wfp4_bf16_t16x256x128_atomic_sbm16,1.2%,89.5395,0,30.72,0,0
256,8,7168,2048,33,8,ActivationType.Silu,torch.bfloat16,torch.float4_e2m1fn_x2,torch.float4_e2m1fn_x2,QuantType.per_1x32,1,0,32,0,91.2188,flydsl_moe1_afp4_wfp4_bf16_t32x128x256_w4,0.8%,46.5436,flydsl_moe2_layout_afp4_wfp4_bf16_t32x128x256_reduce_sbm32,6.6%,137.7624,0,46.03,10550.76,
256,16,7168,2048,33,8,ActivationType.Silu,torch.bfloat16,torch.float4_e2m1fn_x2,torch.float4_e2m1fn_x2,QuantType.per_1x32,1,0,32,0,82.7745,flydsl_moe1_afp4_wfp4_bf16_t32x32x256_w3,0.0%,42.7194,flydsl_moe2_layout_afp4_wfp4_bf16_t32x128x256_atomic_nt_sbm32,6.9%,125.4939,0,101.06,11583.59,
256,32,7168,2048,33,8,ActivationType.Silu,torch.bfloat16,torch.float4_e2m1fn_x2,torch.float4_e2m1fn_x2,QuantType.per_1x32,1,0,32,0,87.1114,flydsl_moe1_afp4_wfp4_bf16_t32x32x256_w3,0.0%,42.7025,flydsl_moe2_layout_afp4_wfp4_bf16_t32x128x256_atomic_nt_sbm32,6.9%,129.8139,0,195.42,11200.76,
256,64,7168,2048,33,8,ActivationType.Silu,torch.bfloat16,torch.float4_e2m1fn_x2,torch.float4_e2m1fn_x2,QuantType.per_1x32,1,0,32,0,86.6924,flydsl_moe1_afp4_wfp4_bf16_t32x32x256_w3,0.0%,44.311,flydsl_moe2_layout_afp4_wfp4_bf16_t32x128x256_atomic_nt_sbm32,7.0%,131.0034,0,387.27,11104.31,
256,128,7168,2048,33,8,ActivationType.Silu,torch.bfloat16,torch.float4_e2m1fn_x2,torch.float4_e2m1fn_x2,QuantType.per_1x32,1,0,32,0,91.6798,flydsl_moe1_afp4_wfp4_bf16_t32x32x256_w3,0.8%,47.8352,flydsl_moe2_layout_afp4_wfp4_bf16_t32x128x256_atomic_nt_sbm32,7.1%,139.515,0,727.3,10436.72,
256,256,7168,2048,33,8,ActivationType.Silu,torch.bfloat16,torch.float4_e2m1fn_x2,torch.float4_e2m1fn_x2,QuantType.per_1x32,1,0,64,0,109.0042,flydsl_moe1_afp4_wfp4_bf16_t64x128x256_w4_bnt0_fp4,0.8%,52.1195,flydsl_moe2_layout_afp4_wfp4_bf16_t64x128x256_atomic_nt_sbm64,7.2%,161.1236,0,1259.52,9054.11,
256,512,7168,2048,33,8,ActivationType.Silu,torch.bfloat16,torch.float4_e2m1fn_x2,torch.float4_e2m1fn_x2,QuantType.per_1x32,1,0,64,0,129.607,flydsl_moe1_afp4_wfp4_bf16_t64x128x256_w2_bnt0_fp4,0.8%,78.4537,flydsl_moe2_layout_afp4_wfp4_bf16_t64x128x128_atomic_persist_sbm64,7.1%,208.061,0,1682.64,6070.73,
256,1024,7168,2048,33,8,ActivationType.Silu,torch.bfloat16,torch.float4_e2m1fn_x2,torch.float4_e2m1fn_x2,QuantType.per_1x32,1,0,128,0,188.4407,flydsl_moe1_afp4_wfp4_bf16_t128x128x256_w4,0.8%,151.8078,flydsl_moe2_layout_afp4_wfp4_bf16_t128x256x128_reduce_sbm128,7.1%,340.2485,0,2385.75,4336.08,
256,2048,7168,2048,33,8,ActivationType.Silu,torch.bfloat16,torch.float4_e2m1fn_x2,torch.float4_e2m1fn_x2,QuantType.per_1x32,1,0,128,0,549.4837,flydsl_mxmoe_g1_a4w4_128x256x256,1.2%,0,flydsl_moe2_layout_afp4_wfp4_bf16_t128x128x128_atomic_sbm128,1.2%,549.4837,0,2515.16,0,0
256,4096,7168,2048,33,8,ActivationType.Silu,torch.bfloat16,torch.float4_e2m1fn_x2,torch.float4_e2m1fn_x2,QuantType.per_1x32,1,0,128,0,561.051,flydsl_moe1_afp4_wfp4_bf16_t128x128x256_w3_fp4,0.8%,552.607,flydsl_moe2_layout_afp4_wfp4_bf16_t128x256x128_atomic_sbm128,7.2%,1113.66,0,2795.02,1326.85,
256,8192,7168,2048,33,8,ActivationType.Silu,torch.bfloat16,torch.float4_e2m1fn_x2,torch.float4_e2m1fn_x2,QuantType.per_1x32,1,0,128,0,1917.0225,flydsl_mxmoe_g1_a4w4_128x256x256,1.2%,0,flydsl_moe2_layout_afp4_wfp4_bf16_t128x128x128_atomic_sbm128,1.2%,1917.0225,0,2981.36,0,0
256,16384,7168,2048,33,8,ActivationType.Silu,torch.bfloat16,torch.float4_e2m1fn_x2,torch.float4_e2m1fn_x2,QuantType.per_1x32,1,0,128,0,2018.21,flydsl_mxmoe_g1_a4w4_128x256x256_xcd6,0.011832,1651.73,flydsl_moe2_layout_afp4_wfp4_bf16_t128x128x128_atomic_sbm128_sp102,0.011832,3669.94,0,3145.79,278.01,
256,32768,7168,2048,33,8,ActivationType.Silu,torch.bfloat16,torch.float4_e2m1fn_x2,torch.float4_e2m1fn_x2,QuantType.per_1x32,1,0,128,0,3929.41,flydsl_moe1_afp4_wfp4_bf16_t128x128x256_w4_bnt0_fp4,0.8%,3921.61,flydsl_moe2_layout_afp4_wfp4_bf16_t128x128x256_atomic_persist_sbm128,7.1%,7851.02,0,3014.81,250.46,
