gfx,cu_num,token,model_dim,inter_dim,expert,topk,act_type,dtype,q_dtype_a,q_dtype_w,q_type,use_g1u1,doweight_stage1,block_m,ksplit,us1,kernelName1,err1,us2,kernelName2,err2,us,run_1stage,xbf16,flat,tflops,bw
gfx950,256,1,4096,1536,16,7,ActivationType.Silu,torch.bfloat16,torch.float4_e2m1fn_x2,torch.float4_e2m1fn_x2,QuantType.per_1x32,1,0,32,0,12.9743,flydsl_moe1_afp4_wfp4_bf16_t32x64x256_w2_bnt0_kw2_fp4,0.9%,9.8303,moe_ck2stages_gemm2_256x32x128x128_1x4_MulABScaleExpertWeightShuffled_v3_Nswizzle0_Quant3_MulRoutedWeight1_FP4X2_FP4X2_B16,2.2%,22.8046,0,0,0,11.59,13243.04
gfx950,256,1,4096,1536,32,7,ActivationType.Silu,torch.bfloat16,torch.float4_e2m1fn_x2,torch.float4_e2m1fn_x2,QuantType.per_1x32,1,0,32,0,13.4137,flydsl_moe1_afp4_wfp4_bf16_t32x64x256_w2_bnt0_kw2_fp4,1.1%,10.7213,moe_ck2stages_gemm2_256x32x128x128_1x4_MulABScaleExpertWeightShuffled_v3_Nswizzle0_Quant3_MulRoutedWeight1_FP4X2_FP4X2_B16,2.4%,24.135,0,0,0,10.95,25025.57
gfx950,256,1,4096,1536,64,7,ActivationType.Silu,torch.bfloat16,torch.float4_e2m1fn_x2,torch.float4_e2m1fn_x2,QuantType.per_1x32,1,0,32,-1,0,flydsl_moe1_afp4_wfp4_bf16_t32x128x256_w2,0,0,flydsl_moe2_afp4_wfp4_bf16_t32x128x256_atomic_bnt2,0,37.11,0,0,0,0,0
gfx950,256,1,4096,1536,128,8,ActivationType.Silu,torch.bfloat16,torch.float4_e2m1fn_x2,torch.float4_e2m1fn_x2,QuantType.per_1x32,1,0,32,0,13.2618,flydsl_moe1_afp4_wfp4_bf16_t32x64x256_w4_bnt0_kw2_fp4,0.6%,9.8482,moe_ck2stages_gemm2_256x32x128x128_1x4_MulABScaleExpertWeightShuffled_v3_Nswizzle0_Quant3_MulRoutedWeight1_FP4X2_FP4X2_B16,1.9%,23.11,0,0,0,13.07,104540.52
gfx950,256,2,4096,1536,16,7,ActivationType.Silu,torch.bfloat16,torch.float4_e2m1fn_x2,torch.float4_e2m1fn_x2,QuantType.per_1x32,1,0,32,0,20.9971,moe_ck2stages_gemm1_64x32x32x128_1x1_MulABScaleShuffled_v3_Nswizzle0_Quant3_MulRoutedWeight0_silu_FP4X2_FP4X2_B16,0.0%,11.8098,moe_ck2stages_gemm2_256x32x128x128_1x4_MulABScaleExpertWeightShuffled_v3_Nswizzle0_Quant3_MulRoutedWeight1_FP4X2_FP4X2_B16,2.7%,32.8069,0,0,0,16.11,9205.82
gfx950,256,2,4096,1536,32,7,ActivationType.Silu,torch.bfloat16,torch.float4_e2m1fn_x2,torch.float4_e2m1fn_x2,QuantType.per_1x32,1,0,32,0,21.7754,flydsl_moe1_afp4_wfp4_bf16_t32x64x256_w2_bnt0,0.0%,13.4698,flydsl_moe2_afp4_wfp4_bf16_t32x128x256_reduce_bnt2,0.5%,35.2452,0,0,0,14.99,17137.21
gfx950,256,2,4096,1536,64,7,ActivationType.Silu,torch.bfloat16,torch.float4_e2m1fn_x2,torch.float4_e2m1fn_x2,QuantType.per_1x32,1,0,32,-1,0,flydsl_moe1_afp4_wfp4_bf16_t32x128x256_w2,0,0,flydsl_moe2_afp4_wfp4_bf16_t32x128x256_atomic_bnt2,0,42.81,0,0,0,0,0
gfx950,256,2,4096,1536,128,8,ActivationType.Silu,torch.bfloat16,torch.float4_e2m1fn_x2,torch.float4_e2m1fn_x2,QuantType.per_1x32,1,0,32,0,24.753,moe_ck2stages_gemm1_64x32x32x128_1x1_MulABScaleShuffled_v3_Nswizzle0_Quant3_MulRoutedWeight0_silu_FP4X2_FP4X2_B16,0.0%,15.3331,flydsl_moe2_afp4_wfp4_bf16_t32x256x256_reduce,0.3%,40.0861,0,0,0,15.07,60268.86
gfx950,256,4,4096,1536,16,7,ActivationType.Silu,torch.bfloat16,torch.float4_e2m1fn_x2,torch.float4_e2m1fn_x2,QuantType.per_1x32,1,0,32,0,24.3105,flydsl_moe1_afp4_wfp4_bf16_t32x128x256_w3,0.0%,14.5896,flydsl_moe2_afp4_wfp4_bf16_t32x128x256_reduce,0.4%,38.9001,0,0,0,27.17,7764.48
gfx950,256,4,4096,1536,32,7,ActivationType.Silu,torch.bfloat16,torch.float4_e2m1fn_x2,torch.float4_e2m1fn_x2,QuantType.per_1x32,1,0,32,0,27.2417,flydsl_moe1_afp4_wfp4_bf16_t32x128x256_w4,0.0%,17.4934,flydsl_moe2_afp4_wfp4_bf16_t32x128x256_reduce,0.4%,44.7351,0,0,0,23.63,13502.35
gfx950,256,4,4096,1536,64,7,ActivationType.Silu,torch.bfloat16,torch.float4_e2m1fn_x2,torch.float4_e2m1fn_x2,QuantType.per_1x32,1,0,32,-1,0,flydsl_moe1_afp4_wfp4_bf16_t32x128x256_w2,0,0,flydsl_moe2_afp4_wfp4_bf16_t32x128x256_atomic_bnt2,0,69.25,0,0,0,0,0
gfx950,256,4,4096,1536,128,8,ActivationType.Silu,torch.bfloat16,torch.float4_e2m1fn_x2,torch.float4_e2m1fn_x2,QuantType.per_1x32,1,0,64,0,36.5018,flydsl_moe1_afp4_wfp4_bf16_t64x64x256_w3_fp4,0.8%,25.1161,flydsl_moe2_afp4_wfp4_bf16_t64x256x256_reduce_bnt2,0.3%,61.6179,0,0,0,19.6,39208.87
gfx950,256,8,4096,1536,16,7,ActivationType.Silu,torch.bfloat16,torch.float4_e2m1fn_x2,torch.float4_e2m1fn_x2,QuantType.per_1x32,1,0,32,0,25.2857,flydsl_moe1_afp4_wfp4_bf16_t32x64x256_w2_bnt0,0.0%,15.159,flydsl_moe2_afp4_wfp4_bf16_t32x256x256_reduce_bnt2,0.4%,40.4447,0,0,0,52.27,7469.17
gfx950,256,8,4096,1536,32,7,ActivationType.Silu,torch.bfloat16,torch.float4_e2m1fn_x2,torch.float4_e2m1fn_x2,QuantType.per_1x32,1,0,32,0,35.508399999999995,flydsl_moe1_afp4_wfp4_bf16_t32x64x256_w3,0.0%,20.283,flydsl_moe2_afp4_wfp4_bf16_t32x256x256_reduce_bnt2,0.4%,55.7914,0,0,0,37.89,10827.44
gfx950,256,8,4096,1536,64,7,ActivationType.Silu,torch.bfloat16,torch.float4_e2m1fn_x2,torch.float4_e2m1fn_x2,QuantType.per_1x32,1,0,32,-1,0,flydsl_moe1_afp4_wfp4_bf16_t32x128x256_w2,0,0,flydsl_moe2_afp4_wfp4_bf16_t32x128x256_atomic_bnt2,0,82.77,0,0,0,0,0
gfx950,256,8,4096,1536,128,8,ActivationType.Silu,torch.bfloat16,torch.float4_e2m1fn_x2,torch.float4_e2m1fn_x2,QuantType.per_1x32,1,0,32,0,56.1508,flydsl_moe1_afp4_wfp4_bf16_t32x64x256_w3_kw2_fp4,0.8%,35.7414,flydsl_moe2_afp4_wfp4_bf16_t32x128x256_atomic,2.4%,91.8922,0,0,0,26.29,26291.87
gfx950,256,16,4096,1536,16,7,ActivationType.Silu,torch.bfloat16,torch.float4_e2m1fn_x2,torch.float4_e2m1fn_x2,QuantType.per_1x32,1,0,32,0,25.2876,moe_ck2stages_gemm1_64x32x32x128_1x1_MulABScaleShuffled_v3_Nswizzle0_Quant3_MulRoutedWeight0_silu_FP4X2_FP4X2_B16,0.0%,15.1153,flydsl_moe2_afp4_wfp4_bf16_t32x128x256_reduce,0.4%,40.4029,0,0,0,104.64,7479.33
gfx950,256,16,4096,1536,32,7,ActivationType.Silu,torch.bfloat16,torch.float4_e2m1fn_x2,torch.float4_e2m1fn_x2,QuantType.per_1x32,1,0,32,0,38.246300000000005,flydsl_moe1_afp4_wfp4_bf16_t32x64x256_w4,0.0%,24.1373,flydsl_moe2_afp4_wfp4_bf16_t32x256x256_atomic_bnt2,2.3%,62.3836,0,0,0,67.77,9684.86
gfx950,256,16,4096,1536,64,7,ActivationType.Silu,torch.bfloat16,torch.float4_e2m1fn_x2,torch.float4_e2m1fn_x2,QuantType.per_1x32,1,0,32,-1,0,flydsl_moe1_afp4_wfp4_bf16_t32x128x256_w2,0,0,flydsl_moe2_afp4_wfp4_bf16_t32x128x256_atomic_bnt2,0,108.84,0,0,0,0,0
gfx950,256,16,4096,1536,128,8,ActivationType.Silu,torch.bfloat16,torch.float4_e2m1fn_x2,torch.float4_e2m1fn_x2,QuantType.per_1x32,1,0,32,0,83.6073,flydsl_moe1_afp4_wfp4_bf16_t32x64x256_w4_fp4,0.7%,50.8593,flydsl_moe2_afp4_wfp4_bf16_t32x128x256_reduce_bnt2_persist,0.3%,134.4666,0,0,0,35.93,17968.15
gfx950,256,32,4096,1536,16,7,ActivationType.Silu,torch.bfloat16,torch.float4_e2m1fn_x2,torch.float4_e2m1fn_x2,QuantType.per_1x32,1,0,32,0,25.7371,flydsl_moe1_afp4_wfp4_bf16_t32x64x256_w3,0.0%,15.5236,flydsl_moe2_afp4_wfp4_bf16_t32x128x256_reduce_bnt2,0.4%,41.2607,0,0,0,204.93,7328.6
gfx950,256,32,4096,1536,32,7,ActivationType.Silu,torch.bfloat16,torch.float4_e2m1fn_x2,torch.float4_e2m1fn_x2,QuantType.per_1x32,1,0,32,0,40.6006,flydsl_moe1_afp4_wfp4_bf16_t32x64x256_w3,0.0%,25.2702,flydsl_moe2_afp4_wfp4_bf16_t32x128x256_atomic_bnt2,2.3%,65.8708,0,0,0,128.37,9175.13
gfx950,256,32,4096,1536,64,7,ActivationType.Silu,torch.bfloat16,torch.float4_e2m1fn_x2,torch.float4_e2m1fn_x2,QuantType.per_1x32,1,0,32,-1,0,flydsl_moe1_afp4_wfp4_bf16_t32x128x256_w2,0,0,flydsl_moe2_afp4_wfp4_bf16_t32x128x256_atomic_bnt2,0,123.45,0,0,0,0,0
gfx950,256,32,4096,1536,128,8,ActivationType.Silu,torch.bfloat16,torch.float4_e2m1fn_x2,torch.float4_e2m1fn_x2,QuantType.per_1x32,1,0,32,0,111.9951,flydsl_moe1_afp4_wfp4_bf16_t32x64x256_w3_kw2_fp4,0.8%,66.0761,flydsl_moe2_afp4_wfp4_bf16_t32x128x256_atomic_persist,2.5%,178.0712,0,0,0,54.27,13569.36
gfx950,256,64,4096,1536,16,7,ActivationType.Silu,torch.bfloat16,torch.float4_e2m1fn_x2,torch.float4_e2m1fn_x2,QuantType.per_1x32,1,0,64,0,27.4063,flydsl_moe1_afp4_wfp4_bf16_t64x128x256_w2,0.0%,16.9255,flydsl_moe2_afp4_wfp4_bf16_t64x128x256_reduce_persist,0.4%,44.3318,0,0,0,381.47,6829.78
gfx950,256,64,4096,1536,32,7,ActivationType.Silu,torch.bfloat16,torch.float4_e2m1fn_x2,torch.float4_e2m1fn_x2,QuantType.per_1x32,1,0,32,0,40.6977,flydsl_moe1_afp4_wfp4_bf16_t32x64x256_w4,0.0%,25.7767,flydsl_moe2_afp4_wfp4_bf16_t32x128x256_atomic_bnt2,2.3%,66.4744,0,0,0,254.41,9097.73
gfx950,256,64,4096,1536,64,7,ActivationType.Silu,torch.bfloat16,torch.float4_e2m1fn_x2,torch.float4_e2m1fn_x2,QuantType.per_1x32,1,0,32,-1,0,flydsl_moe1_afp4_wfp4_bf16_t32x128x256_w2,0,0,flydsl_moe2_afp4_wfp4_bf16_t32x128x256_atomic_bnt2,0,133.26,0,0,0,0,0
gfx950,256,64,4096,1536,128,8,ActivationType.Silu,torch.bfloat16,torch.float4_e2m1fn_x2,torch.float4_e2m1fn_x2,QuantType.per_1x32,1,0,32,0,133.45149999999998,flydsl_moe1_afp4_wfp4_bf16_t32x64x256_w3_kw2,0.0%,76.4974,flydsl_moe2_afp4_wfp4_bf16_t32x128x256_atomic_persist,2.4%,209.9489,0,0,0,92.06,11510.92
gfx950,256,128,4096,1536,16,7,ActivationType.Silu,torch.bfloat16,torch.float4_e2m1fn_x2,torch.float4_e2m1fn_x2,QuantType.per_1x32,1,0,64,0,29.65,flydsl_moe1_afp4_wfp4_bf16_t64x64x256_w2_bnt0,0.0%,20.5603,flydsl_moe2_afp4_wfp4_bf16_t64x128x256_reduce_bnt2_persist,0.4%,50.2103,0,0,0,673.62,6045.83
gfx950,256,128,4096,1536,32,7,ActivationType.Silu,torch.bfloat16,torch.float4_e2m1fn_x2,torch.float4_e2m1fn_x2,QuantType.per_1x32,1,0,64,0,43.7568,flydsl_moe1_afp4_wfp4_bf16_t64x64x256_w4,0.0%,27.2409,flydsl_moe2_afp4_wfp4_bf16_t32x128x256_atomic_bnt2_sbm64,2.3%,70.9977,0,0,0,476.39,8529.19
gfx950,256,128,4096,1536,64,7,ActivationType.Silu,torch.bfloat16,torch.float4_e2m1fn_x2,torch.float4_e2m1fn_x2,QuantType.per_1x32,1,0,32,-1,0,flydsl_moe1_afp4_wfp4_bf16_t32x128x256_w2,0,0,flydsl_moe2_afp4_wfp4_bf16_t32x128x256_atomic_bnt2,0,134.09,0,0,0,0,0
gfx950,256,128,4096,1536,128,8,ActivationType.Silu,torch.bfloat16,torch.float4_e2m1fn_x2,torch.float4_e2m1fn_x2,QuantType.per_1x32,1,0,64,0,134.4716,flydsl_moe1_afp4_wfp4_bf16_t64x64x256_w4_fp4,0.9%,79.4957,flydsl_moe2_afp4_wfp4_bf16_t32x128x256_atomic_sbm64,2.5%,213.9673,0,0,0,180.66,11298.42
gfx950,256,256,4096,1536,16,7,ActivationType.Silu,torch.bfloat16,torch.float4_e2m1fn_x2,torch.float4_e2m1fn_x2,QuantType.per_1x32,1,0,128,0,33.7767,flydsl_moe1_afp4_wfp4_bf16_t128x128x256_w3,0.0%,23.5918,flydsl_moe2_afp4_wfp4_bf16_t128x256x256_reduce,0.4%,57.3685,0,0,0,1179.14,5318.87
gfx950,256,256,4096,1536,32,7,ActivationType.Silu,torch.bfloat16,torch.float4_e2m1fn_x2,torch.float4_e2m1fn_x2,QuantType.per_1x32,1,0,64,0,52.2303,flydsl_moe1_afp4_wfp4_bf16_t64x64x256_w4_bnt0,0.0%,32.4921,flydsl_moe2_afp4_wfp4_bf16_t64x256x256_reduce_bnt2,0.4%,84.7224,0,0,0,798.44,7166.06
gfx950,256,256,4096,1536,64,7,ActivationType.Silu,torch.bfloat16,torch.float4_e2m1fn_x2,torch.float4_e2m1fn_x2,QuantType.per_1x32,1,0,64,0,80.0128,flydsl_moe1_afp4_wfp4_bf16_t64x128x256_w4,0.0%,48.4835,flydsl_moe2_afp4_wfp4_bf16_t64x256x256_reduce_bnt2,0.4%,128.4963,0,0,0,526.44,9425.22
gfx950,256,256,4096,1536,128,8,ActivationType.Silu,torch.bfloat16,torch.float4_e2m1fn_x2,torch.float4_e2m1fn_x2,QuantType.per_1x32,1,0,32,0,140.1963,flydsl_moe1_afp4_wfp4_bf16_t32x64x256_w3,0.0%,81.5878,flydsl_moe2_afp4_wfp4_bf16_t32x256x256_atomic_bnt2_persist,2.5%,221.7841,0,0,0,348.58,10907.3
gfx950,256,512,4096,1536,16,7,ActivationType.Silu,torch.bfloat16,torch.float4_e2m1fn_x2,torch.float4_e2m1fn_x2,QuantType.per_1x32,1,0,128,0,59.158100000000005,flydsl_moe1_afp4_wfp4_bf16_t128x128x256_w2_bnt0,0.0%,32.1308,flydsl_moe2_afp4_wfp4_bf16_t128x256x128_reduce,0.4%,91.2889,0,0,0,1482.01,3376.99
gfx950,256,512,4096,1536,32,7,ActivationType.Silu,torch.bfloat16,torch.float4_e2m1fn_x2,torch.float4_e2m1fn_x2,QuantType.per_1x32,1,0,128,0,63.123,flydsl_moe1_afp4_wfp4_bf16_t128x128x256_w3,0.0%,44.2774,flydsl_moe2_afp4_wfp4_bf16_t64x256x256_reduce_bnt2_persist_sbm128,0.4%,107.4004,0,0,0,1259.69,5682.21
gfx950,256,512,4096,1536,64,7,ActivationType.Silu,torch.bfloat16,torch.float4_e2m1fn_x2,torch.float4_e2m1fn_x2,QuantType.per_1x32,1,0,64,0,95.3807,flydsl_moe1_afp4_wfp4_bf16_t64x64x256_w3,0.0%,54.7824,flydsl_moe2_afp4_wfp4_bf16_t64x256x256_reduce_bnt2,0.4%,150.1631,0,0,0,900.96,8086.21
gfx950,256,1024,4096,1536,16,7,ActivationType.Silu,torch.bfloat16,torch.float4_e2m1fn_x2,torch.float4_e2m1fn_x2,QuantType.per_1x32,1,0,128,0,89.2474,flydsl_moe1_afp4_wfp4_bf16_t128x128x256_w3_bnt0,0.0%,61.2792,flydsl_moe2_afp4_wfp4_bf16_t128x256x128_reduce,0.4%,150.5266,0,0,0,1797.58,2089.82
gfx950,256,1024,4096,1536,32,7,ActivationType.Silu,torch.bfloat16,torch.float4_e2m1fn_x2,torch.float4_e2m1fn_x2,QuantType.per_1x32,1,0,128,0,98.7048,flydsl_moe1_afp4_wfp4_bf16_t128x64x256_w3_bnt0,0.0%,67.4405,flydsl_moe2_afp4_wfp4_bf16_t128x256x128_reduce_bnt2,0.4%,166.1453,0,0,0,1628.59,3710.98
gfx950,256,1024,4096,1536,64,7,ActivationType.Silu,torch.bfloat16,torch.float4_e2m1fn_x2,torch.float4_e2m1fn_x2,QuantType.per_1x32,1,0,128,0,121.9502,flydsl_moe1_afp4_wfp4_bf16_t128x128x256,0.0%,78.5045,flydsl_moe2_afp4_wfp4_bf16_t64x256x256_reduce_persist_sbm128,0.4%,200.4547,0,0,0,1349.85,6088.87
gfx950,256,1024,4096,1536,128,8,ActivationType.Silu,torch.bfloat16,torch.float4_e2m1fn_x2,torch.float4_e2m1fn_x2,QuantType.per_1x32,1,0,64,0,191.5024,flydsl_moe1_afp4_wfp4_bf16_t64x64x256_w3_bnt0,0.0%,108.7072,flydsl_moe2_afp4_wfp4_bf16_t64x256x256_atomic_bnt2_persist,2.5%,300.2096,0,0,0,1030.07,8089.35
gfx950,256,2048,4096,1536,16,7,ActivationType.Silu,torch.bfloat16,torch.float4_e2m1fn_x2,torch.float4_e2m1fn_x2,QuantType.per_1x32,1,0,128,0,156.3734,flydsl_moe1_afp4_wfp4_bf16_t128x128x256_w4_bnt0,0.0%,113.5555,flydsl_moe2_afp4_wfp4_bf16_t128x256x128_reduce,0.4%,269.9289,0,0,0,2004.85,1212.01
gfx950,256,2048,4096,1536,32,7,ActivationType.Silu,torch.bfloat16,torch.float4_e2m1fn_x2,torch.float4_e2m1fn_x2,QuantType.per_1x32,1,0,128,0,163.2842,flydsl_moe1_afp4_wfp4_bf16_t128x128x256_w2_bnt0,0.0%,121.9617,flydsl_moe2_afp4_wfp4_bf16_t128x256x128_reduce,0.4%,285.2459,0,0,0,1897.19,2205.63
gfx950,256,2048,4096,1536,64,7,ActivationType.Silu,torch.bfloat16,torch.float4_e2m1fn_x2,torch.float4_e2m1fn_x2,QuantType.per_1x32,1,0,128,0,186.9364,flydsl_moe1_afp4_wfp4_bf16_t128x64x256_w2_bnt0,0.0%,121.3633,flydsl_moe2_afp4_wfp4_bf16_t128x256x128_reduce_bnt2,0.4%,308.2997,0,0,0,1755.32,3999.76
gfx950,256,2048,4096,1536,128,8,ActivationType.Silu,torch.bfloat16,torch.float4_e2m1fn_x2,torch.float4_e2m1fn_x2,QuantType.per_1x32,1,0,64,0,261.2654,flydsl_moe1_afp4_wfp4_bf16_t64x64x256_w4_bnt0,0.0%,164.2662,flydsl_moe2_afp4_wfp4_bf16_t64x256x256_atomic_persist,2.5%,425.5316,0,0,0,1453.42,5736.55
gfx950,256,4096,4096,1536,16,7,ActivationType.Silu,torch.bfloat16,torch.float4_e2m1fn_x2,torch.float4_e2m1fn_x2,QuantType.per_1x32,1,0,128,0,283.6126,flydsl_moe1_afp4_wfp4_bf16_t128x128x256_w3_bnt0,0.0%,206.5386,flydsl_moe2_afp4_wfp4_bf16_t128x256x128_reduce_xcd4,0.4%,490.1512,0,0,0,2208.16,718.8
gfx950,256,4096,4096,1536,32,7,ActivationType.Silu,torch.bfloat16,torch.float4_e2m1fn_x2,torch.float4_e2m1fn_x2,QuantType.per_1x32,1,0,128,0,295.5985,moe_ck2stages_gemm1_256x128x128x128_1x4_MulABScaleShuffled_v3_Nswizzle0_Quant3_MulRoutedWeight0_silu_FP4X2_FP4X2_B16,0.0%,214.0137,flydsl_moe2_afp4_wfp4_bf16_t128x256x128_reduce,0.4%,509.6122,0,0,0,2123.83,1283.94
gfx950,256,4096,4096,1536,64,7,ActivationType.Silu,torch.bfloat16,torch.float4_e2m1fn_x2,torch.float4_e2m1fn_x2,QuantType.per_1x32,1,0,128,-1,0,flydsl_moe1_afp4_wfp4_bf16_t128x128x256_w2_bnt0,0,0,flydsl_moe2_afp4_wfp4_bf16_t128x128x256_atomic,0,570.49,0,0,0,0,0
gfx950,256,4096,4096,1536,128,8,ActivationType.Silu,torch.bfloat16,torch.float4_e2m1fn_x2,torch.float4_e2m1fn_x2,QuantType.per_1x32,1,0,128,0,414.4987,flydsl_moe1_afp4_wfp4_bf16_t128x64x256_w4_bnt0,0.0%,282.4306,flydsl_moe2_afp4_wfp4_bf16_t64x256x256_atomic_persist_sbm128,2.5%,696.9293,0,0,0,1774.86,3538.74
gfx950,256,8192,4096,1536,16,7,ActivationType.Silu,torch.bfloat16,torch.float4_e2m1fn_x2,torch.float4_e2m1fn_x2,QuantType.per_1x32,1,0,128,0,507.0063,moe_ck2stages_gemm1_256x128x128x128_1x4_MulABScaleShuffled_v3_Nswizzle0_Quant3_MulRoutedWeight0_silu_FP4X2_FP4X2_B16,0.0%,415.316,flydsl_moe2_afp4_wfp4_bf16_t64x256x256_reduce_persist_sbm128,0.4%,922.3223,0,0,0,2346.97,436.56
gfx950,256,8192,4096,1536,32,7,ActivationType.Silu,torch.bfloat16,torch.float4_e2m1fn_x2,torch.float4_e2m1fn_x2,QuantType.per_1x32,1,0,128,0,534.1857,moe_ck2stages_gemm1_256x128x128x128_1x4_MulABScaleShuffled_v3_Nswizzle0_Quant3_MulRoutedWeight0_silu_FP4X2_FP4X2_B16,0.0%,424.9564,flydsl_moe2_afp4_wfp4_bf16_t64x256x256_reduce_persist_sbm128,0.4%,959.1421,0,0,0,2256.87,734.66
gfx950,256,8192,4096,1536,64,7,ActivationType.Silu,torch.bfloat16,torch.float4_e2m1fn_x2,torch.float4_e2m1fn_x2,QuantType.per_1x32,1,0,64,0,553.4301,flydsl_moe1_afp4_wfp4_bf16_t64x128x256_w2_bnt0,0.0%,424.5254,flydsl_moe2_afp4_wfp4_bf16_t64x256x256_reduce,0.4%,977.9555,0,0,0,2213.46,1338.12
gfx950,256,16384,4096,1536,16,7,ActivationType.Silu,torch.bfloat16,torch.float4_e2m1fn_x2,torch.float4_e2m1fn_x2,QuantType.per_1x32,1,0,128,0,970.2344,moe_ck2stages_gemm1_256x128x128x128_1x4_MulABScaleShuffled_v3_Nswizzle0_Quant3_MulRoutedWeight0_silu_FP4X2_FP4X2_B16,0.0%,808.357,flydsl_moe2_afp4_wfp4_bf16_t64x256x256_reduce_bnt2_sbm128,0.4%,1778.5914,0,0,0,2434.13,282.99
gfx950,256,16384,4096,1536,32,7,ActivationType.Silu,torch.bfloat16,torch.float4_e2m1fn_x2,torch.float4_e2m1fn_x2,QuantType.per_1x32,1,0,128,0,1008.1585,moe_ck2stages_gemm1_256x128x128x128_1x4_MulABScaleShuffled_v3_Nswizzle0_Quant3_MulRoutedWeight0_silu_FP4X2_FP4X2_B16,0.0%,820.3321,flydsl_moe2_afp4_wfp4_bf16_t64x256x256_reduce_persist_sbm128,0.4%,1828.4906,0,0,0,2367.71,440.42
gfx950,256,16384,4096,1536,64,7,ActivationType.Silu,torch.bfloat16,torch.float4_e2m1fn_x2,torch.float4_e2m1fn_x2,QuantType.per_1x32,1,0,64,-1,0,flydsl_moe1_afp4_wfp4_bf16_t64x128x256_w4_bnt0,0,0,flydsl_moe2_afp4_wfp4_bf16_t64x128x256_atomic,0,1788.59,0,0,0,0,0
gfx950,256,32768,4096,1536,16,7,ActivationType.Silu,torch.bfloat16,torch.float4_e2m1fn_x2,torch.float4_e2m1fn_x2,QuantType.per_1x32,1,0,128,0,1925.4839,moe_ck2stages_gemm1_256x128x128x128_1x4_MulABScaleShuffled_v3_Nswizzle0_Quant3_MulRoutedWeight0_silu_FP4X2_FP4X2_B16,0.0%,1595.5721,flydsl_moe2_afp4_wfp4_bf16_t64x256x256_reduce_xcd4_persist_sbm128,0.4%,3521.056,0,0,0,2459.11,200.12
gfx950,256,32768,4096,1536,32,7,ActivationType.Silu,torch.bfloat16,torch.float4_e2m1fn_x2,torch.float4_e2m1fn_x2,QuantType.per_1x32,1,0,128,0,1978.9876,moe_ck2stages_gemm1_256x128x128x128_1x4_MulABScaleShuffled_v3_Nswizzle0_Quant3_MulRoutedWeight0_silu_FP4X2_FP4X2_B16,0.0%,1602.1278,flydsl_moe2_afp4_wfp4_bf16_t64x128x256_atomic_bnt2_persist_sbm128,2.3%,3581.1154,0,0,0,2417.87,281.09
gfx950,256,32768,4096,1536,64,7,ActivationType.Silu,torch.bfloat16,torch.float4_e2m1fn_x2,torch.float4_e2m1fn_x2,QuantType.per_1x32,1,0,64,-1,0,flydsl_moe1_afp4_wfp4_bf16_t64x128x256_w4_bnt0,0,0,flydsl_moe2_afp4_wfp4_bf16_t64x128x256_atomic,0,3542.37,0,0,0,0,0
